"","x","y"
"1",33.2258399182837,37.2843974684826
"2",35.4641853472696,30.0190401552349
"3",39.0397812227899,26.9912733380031
"4",61.3118985669041,33.6233471413373
"5",38.2677378293408,26.0949981376005
"6",55.4855760380987,28.4491669110026
"7",52.1354625641969,25.7061693418111
"8",60.8032949156919,36.7323882931548
"9",48.426741238553,33.4078834083601
"10",37.9061872959385,29.8785085761406
"11",52.0461665420306,33.4273123604492
"12",58.6755413024419,32.5151903686349
"13",38.5238206150739,31.3680167269203
"14",37.0077568505328,31.0615418646743
"15",51.0306986126296,34.6533536906176
"16",42.7280276786591,30.1612139983754
"17",55.1121454176145,35.6140703265225
"18",42.2151401571208,34.3684692270328
"19",32.6825121655876,29.7762248964372
"20",60.1027358584809,27.4302930292093
"21",47.1726369333319,29.9941858902014
"22",41.7203950726594,33.9903603589872
"23",52.5793403339449,34.3494439665266
"24",49.4601415080507,28.6331864348477
"25",51.0106564520789,35.9585641576576
"26",40.1003119444371,25.2208630822874
"27",35.3776798193957,30.9178541170466
"28",37.8249598155736,26.9321429068567
"29",47.5351648130447,28.2504269117539
"30",58.7668802458184,34.7245019103604
"31",36.2694108168282,33.0174692260471
"32",37.3506898642121,31.9627717850595
"33",35.4529704856113,31.0151371697296
"34",38.0527518868848,36.6918670972787
"35",39.4065346389704,32.9718233125261
"36",39.9263011889906,34.3537535755948
"37",58.8475763577639,33.3069876652043
"38",60.438958532762,28.5383913037765
"39",43.2873746330192,30.033519040911
"40",40.2479091799972,34.1584846509567
"41",43.7182522178287,31.7840249724768
"42",47.8253797524047,34.0009972456411
"43",60.2167723562159,26.9819003063639
"44",54.9538869178556,27.2073703038322
"45",49.0196748829049,26.9474906073763
"46",57.9431388049952,37.3475311075503
"47",32.2054153152174,29.0696715296173
"48",44.8179645230889,23.8674266783662
"49",46.273003113458,28.649793404299
"50",53.1526754695974,31.1632737006565
"51",58.3139526746528,31.3988901832244
"52",32.8543070097611,32.529269284418
"53",43.7564310808173,35.2927699800514
"54",47.620418792558,34.1991130057155
"55",57.0181044336007,30.7601203439012
"56",51.4539993058312,33.9255353934796
"57",49.251915834387,27.9115002180441
"58",35.0453249981119,31.9723850328594
"59",59.8523093942992,29.4291599745852
"60",50.7245984236995,30.933546207369
"61",36.4147045927829,29.5148203413141
"62",46.7008744162438,30.922318701268
"63",54.9689227020992,32.042525475705
"64",46.4854311802254,37.6546665210548
"65",33.3946466425613,28.5236765380692
"66",48.4083838768666,30.4358818666735
"67",50.1106901328693,31.9564411314027
"68",35.8185251282009,31.875493165511
"69",51.9076710853675,33.9431021955785
"70",61.6128260018539,30.5372920982948
"71",42.0607859077611,31.0651186584325
"72",38.5457343013526,34.8467268772757
"73",41.2974854832917,39.2926069203603
"74",45.4936312172616,31.29159631258
"75",34.8398151001998,30.2545799940469
"76",56.5524383862264,32.1714257475077
"77",52.6247302200444,31.4535696393881
"78",46.7283105085529,30.4278867710845
"79",62.3860945233631,30.7088330871218
"80",53.7184371441849,27.0053209650763
"81",52.1083135622463,27.2989732710845
"82",59.872411234593,33.2939808258139
"83",48.0380220854685,28.4374499044886
"84",34.0715155116095,30.026948484633
"85",61.0861776803803,28.5376441287352
"86",57.9520083749056,35.3083860057558
"87",47.4694732959293,33.5475256373989
"88",46.149750224509,39.1194876149748
"89",56.9333886470195,38.9164514210108
"90",32.4626560883853,29.5506368298723
"91",38.780164765751,33.7036192652673
"92",62.7818489226366,29.6072280059292
"93",31.5157495922146,30.625384711634
"94",38.4766981512056,36.8820550402046
"95",42.0058801199146,26.515251184055
"96",31.6538081410788,31.0319211291991
"97",39.3063645345978,29.5804947484397
"98",48.9045278401684,29.2952642332775
"99",54.0555138042094,32.4869338062748
"100",43.2940105976623,30.6358559711466
"101",44.460732801811,37.2843974684826
"102",59.7508415279839,30.0190401552349
"103",32.0033133288584,26.9912733380031
"104",33.9264663867598,33.6233471413373
"105",42.325422690031,26.0949981376005
"106",52.8463390852288,28.4491669110026
"107",50.2640084460496,25.7061693418111
"108",47.7326909964602,36.7323882931548
"109",43.9109725910058,33.4078834083601
"110",55.6661967036173,29.8785085761406
"111",49.3602329149139,33.4273123604492
"112",59.3062685941939,32.5151903686349
"113",40.9090808429652,31.3680167269203
"114",36.9004465429134,31.0615418646743
"115",47.6472095990169,34.6533536906176
"116",33.4991517608761,30.1612139983754
"117",53.0960639631581,35.6140703265225
"118",43.956469145777,34.3684692270328
"119",34.3730397732481,29.7762248964372
"120",31.633851305225,27.4302930292093
"121",48.6781937715317,29.9941858902014
"122",33.4080115914937,33.9903603589872
"123",33.1338324432888,34.3494439665266
"124",48.3482904791068,28.6331864348477
"125",48.8629621389616,35.9585641576576
"126",57.9586144155594,25.2208630822874
"127",53.7152578720984,30.9178541170466
"128",31.9728403137065,26.9321429068567
"129",60.7074194121495,28.2504269117539
"130",50.5915727445889,34.7245019103604
"131",53.5678537856122,33.0174692260471
"132",37.0684433079673,31.9627717850595
"133",37.5230015646575,31.0151371697296
"134",39.2965852051923,36.6918670972787
"135",50.5252155046578,32.9718233125261
"136",55.7741585291178,34.3537535755948
"137",55.4296483873447,33.3069876652043
"138",49.8012342878198,28.5383913037765
"139",38.0429209457295,30.033519040911
"140",38.2429452665739,34.1584846509567
"141",37.1089279858595,31.7840249724768
"142",60.573335107,34.0009972456411
"143",46.7530044048099,26.9819003063639
"144",46.4504182401959,27.2073703038322
"145",32.2997797853049,26.9474906073763
"146",35.3483851993858,37.3475311075503
"147",31.6380474662977,29.0696715296173
"148",45.8799911735618,23.8674266783662
"149",51.3190423554182,28.649793404299
"150",35.9286410127981,31.1632737006565
"151",32.4422259034432,31.3988901832244
"152",58.7426908807485,32.529269284418
"153",57.227294038616,35.2927699800514
"154",57.1592595557924,34.1991130057155
"155",56.1222011938061,30.7601203439012
"156",59.1784216889714,33.9255353934796
"157",50.9356772338078,27.9115002180441
"158",37.6594768704304,31.9723850328594
"159",39.2100066923354,29.4291599745852
"160",45.01268301561,30.933546207369
"161",46.1414547914281,29.5148203413141
"162",39.5159290489438,30.922318701268
"163",39.6320437095855,32.042525475705
"164",50.9500492774897,37.6546665210548
"165",58.8577776512602,28.5236765380692
"166",44.9005976336611,30.4358818666735
"167",46.4813490682462,31.9564411314027
"168",57.4975352307892,31.875493165511
"169",57.5597539266762,33.9431021955785
"170",58.2592489377368,30.5372920982948
"171",35.0605163124912,31.0651186584325
"172",61.0163573622552,34.8467268772757
"173",44.9301422517416,39.2926069203603
"174",43.400929457662,31.29159631258
"175",34.029238173903,30.2545799940469
"176",35.3489113451876,32.1714257475077
"177",57.9736977958427,31.4535696393881
"178",43.4631974026861,30.4278867710845
"179",53.4387351145013,30.7088330871218
"180",34.6160534267137,27.0053209650763
"181",38.6409423558359,27.2989732710845
"182",61.2062114985563,33.2939808258139
"183",54.5003794386487,28.4374499044886
"184",41.7637448756098,30.026948484633
"185",48.4071948975123,28.5376441287352
"186",62.1154556661684,35.3083860057558
"187",59.1528552791135,33.5475256373989
"188",52.2773939472944,39.1194876149748
"189",37.5137932706951,38.9164514210108
"190",60.0611801270608,29.5506368298723
"191",60.8462471779689,33.7036192652673
"192",57.9305061782242,29.6072280059292
"193",43.326632866225,30.625384711634
"194",52.4780030769556,36.8820550402046
"195",59.8714680766781,26.515251184055
"196",56.2435081749573,31.0319211291991
"197",58.7330068750851,29.5804947484397
"198",33.8000569302128,29.2952642332775
"199",48.6906402931793,32.4869338062748
"200",47.3698022441157,30.6358559711466
"201",51.7208715366451,37.2843974684826
"202",35.1316590646724,30.0190401552349
"203",50.5794941175799,26.9912733380031
"204",39.7060150870189,33.6233471413373
"205",58.6447378945563,26.0949981376005
"206",57.8499720771413,28.4491669110026
"207",46.5351353799762,25.7061693418111
"208",60.2772438890409,36.7323882931548
"209",45.0830014792848,33.4078834083601
"210",59.3321411854911,29.8785085761406
"211",50.8752322163731,33.4273123604492
"212",53.6150879432759,32.5151903686349
"213",46.1097929871011,31.3680167269203
"214",34.4377117096082,31.0615418646743
"215",53.4271293026155,34.6533536906176
"216",38.1005442502,30.1612139983754
"217",55.8205190540483,35.6140703265225
"218",34.5732036857357,34.3684692270328
"219",38.8848588491941,29.7762248964372
"220",43.0434603486673,27.4302930292093
"221",44.0687305460293,29.9941858902014
"222",49.0947030577296,33.9903603589872
"223",61.8967939738026,34.3494439665266
"224",32.4318532510377,28.6331864348477
"225",48.4713632096943,35.9585641576576
"226",46.231584830506,25.2208630822874
"227",62.4971232468979,30.9178541170466
"228",61.3477168506508,26.9321429068567
"229",58.179047935786,28.2504269117539
"230",46.8709071317032,34.7245019103604
"231",60.7622402117702,33.0174692260471
"232",44.7924827503565,31.9627717850595
"233",51.166261094094,31.0151371697296
"234",48.4984741538311,36.6918670972787
"235",50.9463057944729,32.9718233125261
"236",40.5313604127074,34.3537535755948
"237",38.7090938135891,33.3069876652043
"238",43.339059755512,28.5383913037765
"239",45.1885144164936,30.033519040911
"240",44.1002272966239,34.1584846509567
"241",41.6624382228668,31.7840249724768
"242",56.8261179844802,34.0009972456411
"243",54.3750947905545,26.9819003063639
"244",40.8460548576799,27.2073703038322
"245",59.8055865411334,26.9474906073763
"246",58.8170561854477,37.3475311075503
"247",38.4889977154175,29.0696715296173
"248",47.6417940372085,23.8674266783662
"249",57.4598463210091,28.649793404299
"250",38.481886777847,31.1632737006565
"251",41.7424531635817,31.3988901832244
"252",47.7400162295856,32.529269284418
"253",33.8214790979607,35.2927699800514
"254",55.5155661951949,34.1991130057155
"255",34.4864980233539,30.7601203439012
"256",44.8403214954894,33.9255353934796
"257",36.3524974173758,27.9115002180441
"258",40.8604052428596,31.9723850328594
"259",38.2493614716632,29.4291599745852
"260",37.5838422209722,30.933546207369
"261",45.4130351396544,29.5148203413141
"262",32.7841525757758,30.922318701268
"263",38.9412305906748,32.042525475705
"264",39.0917334082927,37.6546665210548
"265",59.5646896935556,28.5236765380692
"266",50.2088893428034,30.4358818666735
"267",53.0741638893321,31.9564411314027
"268",55.9190108914858,31.875493165511
"269",60.1608339456995,33.9431021955785
"270",56.2288513669567,30.5372920982948
"271",38.2031087418513,31.0651186584325
"272",40.5302443598193,34.8467268772757
"273",48.3109947505043,39.2926069203603
"274",39.6087540976511,31.29159631258
"275",44.772810920203,30.2545799940469
"276",58.896995259231,32.1714257475077
"277",42.2654077558824,31.4535696393881
"278",59.624442480099,30.4278867710845
"279",59.7624725898357,30.7088330871218
"280",49.3947415358794,27.0053209650763
"281",47.4507970985622,27.2989732710845
"282",41.5762079796025,33.2939808258139
"283",61.677381628912,28.4374499044886
"284",46.9378336369465,30.026948484633
"285",51.0366206439917,28.5376441287352
"286",59.3713975534764,35.3083860057558
"287",40.9065425118621,33.5475256373989
"288",34.6347004388651,39.1194876149748
"289",51.6663055992976,38.9164514210108
"290",47.155856794829,29.5506368298723
"291",49.0879050163924,33.7036192652673
"292",50.4479421236256,29.6072280059292
"293",41.4005965284521,30.625384711634
"294",51.1666521394112,36.8820550402046
"295",58.340857639924,26.515251184055
"296",32.4130183636319,31.0319211291991
"297",61.7621685352556,29.5804947484397
"298",47.112941193279,29.2952642332775
"299",43.1309049382855,32.4869338062748
"300",42.0358088929682,30.6358559711466
"301",38.7139763831392,37.2843974684826
"302",46.599259248707,30.0190401552349
"303",60.5329932464853,26.9912733380031
"304",32.8412566467325,33.6233471413373
"305",51.1534597489809,26.0949981376005
"306",51.8973269452354,28.4491669110026
"307",47.8003267682759,25.7061693418111
"308",54.746441052674,36.7323882931548
"309",46.3153929861378,33.4078834083601
"310",54.8042001817736,29.8785085761406
"311",36.1624062590875,33.4273123604492
"312",31.7272812925019,32.5151903686349
"313",40.7217430866814,31.3680167269203
"314",60.3321775527913,31.0615418646743
"315",48.3928573494387,34.6533536906176
"316",60.2697303564149,30.1612139983754
"317",58.0497855329738,35.6140703265225
"318",58.8917987694049,34.3684692270328
"319",34.0502063177103,29.7762248964372
"320",49.2477366943662,27.4302930292093
"321",48.3396888353281,29.9941858902014
"322",33.2284230219946,33.9903603589872
"323",57.9203574693183,34.3494439665266
"324",49.4572038076266,28.6331864348477
"325",55.0164043855019,35.9585641576576
"326",61.3640764587227,25.2208630822874
"327",46.1320421424392,30.9178541170466
"328",42.089323467665,26.9321429068567
"329",43.4328808685665,28.2504269117539
"330",33.1735000082878,34.7245019103604
"331",61.008794207448,33.0174692260471
"332",51.3584755755701,31.9627717850595
"333",32.0005427741394,31.0151371697296
"334",55.2486238759758,36.6918670972787
"335",59.6404403670467,32.9718233125261
"336",51.0286614333729,34.3537535755948
"337",51.6431367000485,33.3069876652043
"338",53.8728019631278,28.5383913037765
"339",55.6445764860199,30.033519040911
"340",60.9439753355961,34.1584846509567
"341",31.4948061058915,31.7840249724768
"342",44.251112425938,34.0009972456411
"343",56.5183336037967,26.9819003063639
"344",44.8848249117496,27.2073703038322
"345",48.9717855427503,26.9474906073763
"346",59.5557553675765,37.3475311075503
"347",61.1432477019186,29.0696715296173
"348",34.0518912409227,23.8674266783662
"349",48.9341709272648,28.649793404299
"350",59.0179460856612,31.1632737006565
"351",44.3565867274804,31.3988901832244
"352",62.174471602819,32.529269284418
"353",32.5654586992124,35.2927699800514
"354",32.3145792643912,34.1991130057155
"355",51.2912826875737,30.7601203439012
"356",56.4797385333,33.9255353934796
"357",55.7600692601861,27.9115002180441
"358",33.0106343040489,31.9723850328594
"359",37.6860085063224,29.4291599745852
"360",49.9994533384961,30.933546207369
"361",38.3345946338522,29.5148203413141
"362",55.6266793583612,30.922318701268
"363",45.8178828036417,32.042525475705
"364",40.3366185939575,37.6546665210548
"365",38.2974562786621,28.5236765380692
"366",33.5037906375325,30.4358818666735
"367",46.8155691612831,31.9564411314027
"368",55.035312484643,31.875493165511
"369",32.3855916778861,33.9431021955785
"370",33.1800394788544,30.5372920982948
"371",38.6331550673498,31.0651186584325
"372",42.7123530527194,34.8467268772757
"373",52.0058495438087,39.2926069203603
"374",55.3186401154046,31.29159631258
"375",31.7439743654354,30.2545799940469
"376",49.7906424683423,32.1714257475077
"377",57.7620079614257,31.4535696393881
"378",47.8112557976853,30.4278867710845
"379",54.802764020466,30.7088330871218
"380",39.3276774735672,27.0053209650763
"381",49.0226925610605,27.2989732710845
"382",38.2626212221565,33.2939808258139
"383",58.6000902272589,28.4374499044886
"384",45.079471574993,30.026948484633
"385",39.6836452336247,28.5376441287352
"386",36.6104954847166,35.3083860057558
"387",50.8472594891395,33.5475256373989
"388",44.0326088530729,39.1194876149748
"389",34.7969135646072,38.9164514210108
"390",40.6666371277541,29.5506368298723
"391",46.5986394834627,33.7036192652673
"392",41.739399951146,29.6072280059292
"393",42.4077110273848,30.625384711634
"394",49.4294121750221,36.8820550402046
"395",55.399731778455,26.515251184055
"396",37.7538835530191,31.0319211291991
"397",61.572754956734,29.5804947484397
"398",59.3448964486848,29.2952642332775
"399",38.0031768774295,32.4869338062748
"400",45.5224163833651,30.6358559711466
"401",54.1089650272388,37.2843974684826
"402",50.1546113150486,30.0190401552349
"403",61.8101385114548,26.9912733380031
"404",52.201899021142,33.6233471413373
"405",56.168470798378,26.0949981376005
"406",48.2342791655065,28.4491669110026
"407",53.0781104400075,25.7061693418111
"408",35.2972125590399,36.7323882931548
"409",50.8701488978896,33.4078834083601
"410",53.7388966021178,29.8785085761406
"411",61.1687639702593,33.4273123604492
"412",62.5180654458532,32.5151903686349
"413",37.4551543060897,31.3680167269203
"414",50.9022395712806,31.0615418646743
"415",44.7141787215937,34.6533536906176
"416",42.8074468094132,30.1612139983754
"417",47.0265166086625,35.6140703265225
"418",50.2772393331692,34.3684692270328
"419",48.997775664886,29.7762248964372
"420",43.8553819161167,27.4302930292093
"421",43.8178617905101,29.9941858902014
"422",36.687850240567,33.9903603589872
"423",54.560630707213,34.3494439665266
"424",52.4241040254438,28.6331864348477
"425",58.4398942168521,35.9585641576576
"426",57.7890063779038,25.2208630822874
"427",60.6078773897104,30.9178541170466
"428",42.3824911535616,26.9321429068567
"429",44.9051315093723,28.2504269117539
"430",40.6462431792929,34.7245019103604
"431",32.0583883324391,33.0174692260471
"432",53.0941380534505,31.9627717850595
"433",40.098449474172,31.0151371697296
"434",33.6419248412052,36.6918670972787
"435",33.3419680011988,32.9718233125261
"436",51.4394883215047,34.3537535755948
"437",40.5827835192576,33.3069876652043
"438",59.1454015944662,28.5383913037765
"439",59.1087115212631,30.033519040911
"440",42.0031087313323,34.1584846509567
"441",33.0306330159327,31.7840249724768
"442",59.6366374310391,34.0009972456411
"443",32.7404214632281,26.9819003063639
"444",59.7686570613866,27.2073703038322
"445",50.1557423701616,26.9474906073763
"446",58.9231726202517,37.3475311075503
"447",32.5542396682375,29.0696715296173
"448",57.8108380383658,23.8674266783662
"449",46.6047243083487,28.649793404299
"450",51.6529059353192,31.1632737006565
"451",32.5770568673512,31.3988901832244
"452",42.0938716141421,32.529269284418
"453",50.4811220126726,35.2927699800514
"454",42.8541780012121,34.1991130057155
"455",37.7539391000186,30.7601203439012
"456",52.3473741696802,33.9255353934796
"457",45.7339417053295,27.9115002180441
"458",48.0489234072095,31.9723850328594
"459",57.6168885799353,29.4291599745852
"460",46.7324341820347,30.933546207369
"461",52.1518428433013,29.5148203413141
"462",37.4046709195969,30.922318701268
"463",58.7032085650659,32.042525475705
"464",41.0932530200756,37.6546665210548
"465",57.9440083635016,28.5236765380692
"466",44.2269781836214,30.4358818666735
"467",35.4634795331839,31.9564411314027
"468",51.743705142385,31.875493165511
"469",57.5198562227195,33.9431021955785
"470",46.9050360449665,30.5372920982948
"471",51.7668451782603,31.0651186584325
"472",49.2751766048915,34.8467268772757
"473",50.2300554121123,39.2926069203603
"474",56.8814702988119,31.29159631258
"475",38.3588687969686,30.2545799940469
"476",39.7977363201478,32.1714257475077
"477",44.8946549166373,31.4535696393881
"478",31.8136214667453,30.4278867710845
"479",57.6521403998579,30.7088330871218
"480",39.8567681294596,27.0053209650763
"481",36.1081343609594,27.2989732710845
"482",60.1322018300855,33.2939808258139
"483",40.3805083233981,28.4374499044886
"484",41.5607052904247,30.026948484633
"485",61.176432725808,28.5376441287352
"486",60.1047767828079,35.3083860057558
"487",57.2862669289021,33.5475256373989
"488",48.0353624491983,39.1194876149748
"489",42.9588039273019,38.9164514210108
"490",39.7381243248404,29.5506368298723
"491",47.3819736420747,33.7036192652673
"492",50.7046767198235,29.6072280059292
"493",37.8602489252781,30.625384711634
"494",53.8191051015237,36.8820550402046
"495",56.4542752664813,26.515251184055
"496",57.9780561360137,31.0319211291991
"497",56.2858240605553,29.5804947484397
"498",57.8393993121718,29.2952642332775
"499",62.7209720664141,32.4869338062748
"500",57.973581786439,30.6358559711466
"501",53.0657742882144,37.2843974684826
"502",61.4386642805763,30.0190401552349
"503",44.9196541385267,26.9912733380031
"504",51.9661194390617,33.6233471413373
"505",58.8234372293009,26.0949981376005
"506",36.2599946787797,28.4491669110026
"507",33.4804069307073,25.7061693418111
"508",57.3815763489792,36.7323882931548
"509",33.6202220711405,33.4078834083601
"510",35.1194670615122,29.8785085761406
"511",52.1760852757245,33.4273123604492
"512",49.8017745288373,32.5151903686349
"513",51.8340897145795,31.3680167269203
"514",47.569346676628,31.0615418646743
"515",32.6680947495015,34.6533536906176
"516",38.7249457890875,30.1612139983754
"517",54.2876989965689,35.6140703265225
"518",57.8895535420968,34.3684692270328
"519",38.4979104926133,29.7762248964372
"520",57.0023472039917,27.4302930292093
"521",37.6439971271227,29.9941858902014
"522",58.6467100983065,33.9903603589872
"523",44.9661029359341,34.3494439665266
"524",48.6628832585874,28.6331864348477
"525",39.2329486344737,35.9585641576576
"526",52.5779675608776,25.2208630822874
"527",31.5021179167435,30.9178541170466
"528",49.4043461489786,26.9321429068567
"529",53.1425055995815,28.2504269117539
"530",45.4895522359271,34.7245019103604
"531",39.8321559444919,33.0174692260471
"532",58.4016942805285,31.9627717850595
"533",39.5440976389644,31.0151371697296
"534",60.828554668662,36.6918670972787
"535",34.6914375807091,32.9718233125261
"536",47.534122630205,34.3537535755948
"537",43.4629540170053,33.3069876652043
"538",39.4830795306867,28.5383913037765
"539",60.6012127079854,30.033519040911
"540",61.1611009786078,34.1584846509567
"541",50.6801902946084,31.7840249724768
"542",55.9818731323505,34.0009972456411
"543",44.3696865444546,26.9819003063639
"544",54.1233376341441,27.2073703038322
"545",40.6759834846103,26.9474906073763
"546",47.2608272381264,37.3475311075503
"547",38.1072759847752,29.0696715296173
"548",52.7919188545221,23.8674266783662
"549",58.1236570808774,28.649793404299
"550",44.7896933751964,31.1632737006565
"551",35.6384889203988,31.3988901832244
"552",42.6287113625359,32.529269284418
"553",39.6791347134006,35.2927699800514
"554",43.6683062489214,34.1991130057155
"555",44.5894320616231,30.7601203439012
"556",41.5519410433015,33.9255353934796
"557",53.8227279742595,27.9115002180441
"558",57.3515930749126,31.9723850328594
"559",34.8905695580981,29.4291599745852
"560",34.015798126071,30.933546207369
"561",34.3490335070051,29.5148203413141
"562",56.4570824307252,30.922318701268
"563",31.926855371049,32.042525475705
"564",38.7705335641156,37.6546665210548
"565",60.672635747956,28.5236765380692
"566",44.0394914145021,30.4358818666735
"567",47.1280426918028,31.9564411314027
"568",58.6778159133029,31.875493165511
"569",36.5055755267221,33.9431021955785
"570",58.7438405002919,30.5372920982948
"571",53.3892721353125,31.0651186584325
"572",41.9787734182403,34.8467268772757
"573",48.6915089373618,39.2926069203603
"574",41.7038679531528,31.29159631258
"575",35.204179263944,30.2545799940469
"576",35.9214164284366,32.1714257475077
"577",50.2700616645905,31.4535696393881
"578",44.6913479466003,30.4278867710845
"579",61.4463052991982,30.7088330871218
"580",46.3396610415711,27.0053209650763
"581",53.622162351782,27.2989732710845
"582",33.104557821369,33.2939808258139
"583",59.6523245795575,28.4374499044886
"584",42.1396416760775,30.026948484633
"585",44.1192057986976,28.5376441287352
"586",48.4882863484395,35.3083860057558
"587",44.1095698718368,33.5475256373989
"588",33.5401323021659,39.1194876149748
"589",37.2205778863546,38.9164514210108
"590",42.7656858305866,29.5506368298723
"591",46.1737853029237,33.7036192652673
"592",34.3404270941134,29.6072280059292
"593",52.3512794294928,30.625384711634
"594",56.0501066305496,36.8820550402046
"595",51.3434236333963,26.515251184055
"596",34.3848858035971,31.0319211291991
"597",60.6820443154035,29.5804947484397
"598",45.8887576443205,29.2952642332775
"599",43.4946387086856,32.4869338062748
"600",46.1674238329143,30.6358559711466
"601",57.3681117533819,37.2843974684826
"602",37.7148232599439,30.0190401552349
"603",38.1180222445143,26.9912733380031
"604",56.1500386157465,33.6233471413373
"605",52.6106978001092,26.0949981376005
"606",48.9551244418914,28.4491669110026
"607",36.7792111423438,25.7061693418111
"608",35.2748309584136,36.7323882931548
"609",34.8204833546121,33.4078834083601
"610",51.6994144270989,29.8785085761406
"611",41.0595186338744,33.4273123604492
"612",44.8399618882817,32.5151903686349
"613",34.8479329203967,31.3680167269203
"614",50.355817746847,31.0615418646743
"615",38.0494790904454,34.6533536906176
"616",46.0892375544277,30.1612139983754
"617",61.4820195987279,35.6140703265225
"618",42.4832430823981,34.3684692270328
"619",61.7175298575898,29.7762248964372
"620",48.8740550810271,27.4302930292093
"621",60.3170787899244,29.9941858902014
"622",59.9250102420099,33.9903603589872
"623",54.8266527704998,34.3494439665266
"624",46.7637503573362,28.6331864348477
"625",49.8006275937486,35.9585641576576
"626",54.8143123762442,25.2208630822874
"627",50.1297896548411,30.9178541170466
"628",35.5058726242835,26.9321429068567
"629",42.0294417980388,28.2504269117539
"630",57.9411896495194,34.7245019103604
"631",44.2583638767901,33.0174692260471
"632",58.7353736278413,31.9627717850595
"633",48.382844070174,31.0151371697296
"634",43.3370689873314,36.6918670972787
"635",43.4451945865109,32.9718233125261
"636",39.0766133672823,34.3537535755948
"637",60.9101195564527,33.3069876652043
"638",38.421885207455,28.5383913037765
"639",52.1974410416207,30.033519040911
"640",48.7383874230675,34.1584846509567
"641",61.9918397028959,31.7840249724768
"642",41.4368268430758,34.0009972456411
"643",61.6923556487544,26.9819003063639
"644",47.0156705779103,27.2073703038322
"645",33.2731171003681,26.9474906073763
"646",48.6363548703735,37.3475311075503
"647",57.9893372166588,29.0696715296173
"648",39.7436374705993,23.8674266783662
"649",43.5059984065483,28.649793404299
"650",48.2380498734288,31.1632737006565
"651",57.0991943630931,31.3988901832244
"652",49.4638874780283,32.529269284418
"653",56.3097784370941,35.2927699800514
"654",55.517892125222,34.1991130057155
"655",40.9657519267433,30.7601203439012
"656",50.0929138056711,33.9255353934796
"657",41.283877748475,27.9115002180441
"658",61.9964305665809,31.9723850328594
"659",43.3920599462684,29.4291599745852
"660",44.3240770158347,30.933546207369
"661",45.8058685742866,29.5148203413141
"662",52.1884635010415,30.922318701268
"663",54.5475529144705,32.042525475705
"664",32.3812642564888,37.6546665210548
"665",42.5685605598706,28.5236765380692
"666",45.5547909286948,30.4358818666735
"667",35.8580749356091,31.9564411314027
"668",60.9126046592815,31.875493165511
"669",59.8531596203431,33.9431021955785
"670",45.0696981265182,30.5372920982948
"671",31.838072503972,31.0651186584325
"672",55.1668473551412,34.8467268772757
"673",58.3390860241862,39.2926069203603
"674",56.4971446837074,31.29159631258
"675",32.9545475316954,30.2545799940469
"676",42.603654326124,32.1714257475077
"677",50.5946528747173,31.4535696393881
"678",32.246612741427,30.4278867710845
"679",44.7361851641932,30.7088330871218
"680",42.0892647022458,27.0053209650763
"681",49.1438134224591,27.2989732710845
"682",58.3665639998399,33.2939808258139
"683",61.9178066780947,28.4374499044886
"684",47.3177519260681,30.026948484633
"685",47.7121443924974,28.5376441287352
"686",35.4423131566622,35.3083860057558
"687",35.0550255493788,33.5475256373989
"688",42.9364135052795,39.1194876149748
"689",44.787731799546,38.9164514210108
"690",59.8312221250727,29.5506368298723
"691",56.8848695645193,33.7036192652673
"692",40.0592776628517,29.6072280059292
"693",42.4384457878396,30.625384711634
"694",53.8928644582398,36.8820550402046
"695",53.2777722204935,26.515251184055
"696",32.6747236409358,31.0319211291991
"697",34.3371657523226,29.5804947484397
"698",37.6109238774891,29.2952642332775
"699",53.8740619744695,32.4869338062748
"700",57.0598193743954,30.6358559711466
"701",38.7386688823095,37.2843974684826
"702",51.379935779188,30.0190401552349
"703",39.9574536857029,26.9912733380031
"704",31.4597926392115,33.6233471413373
"705",43.2557114828076,26.0949981376005
"706",37.652762800591,28.4491669110026
"707",46.3749127005728,25.7061693418111
"708",35.7634327085805,36.7323882931548
"709",41.7258654646374,33.4078834083601
"710",35.1727770836886,29.8785085761406
"711",36.2722012306602,33.4273123604492
"712",33.0755781383631,32.5151903686349
"713",62.3845783258074,31.3680167269203
"714",56.7200734374706,31.0615418646743
"715",61.9360091752732,34.6533536906176
"716",58.7437173737918,30.1612139983754
"717",46.4050087290503,35.6140703265225
"718",42.0258718829375,34.3684692270328
"719",34.0319975080403,29.7762248964372
"720",59.0628439924107,27.4302930292093
"721",31.5070394584312,29.9941858902014
"722",35.1646786910438,33.9903603589872
"723",35.8943655444015,34.3494439665266
"724",43.8195087436837,28.6331864348477
"725",47.653800242458,35.9585641576576
"726",38.2210824240131,25.2208630822874
"727",56.370841917776,30.9178541170466
"728",52.920832768304,26.9321429068567
"729",40.9660622848138,28.2504269117539
"730",52.3292026351628,34.7245019103604
"731",48.1485856522563,33.0174692260471
"732",48.0632318871008,31.9627717850595
"733",54.7389121959812,31.0151371697296
"734",54.9159261174359,36.6918670972787
"735",34.1587289235982,32.9718233125261
"736",52.1693693333499,34.3537535755948
"737",43.7581137072483,33.3069876652043
"738",53.7068677955323,28.5383913037765
"739",50.119526874898,30.033519040911
"740",57.4543437228895,34.1584846509567
"741",33.640638248642,31.7840249724768
"742",56.543965508497,34.0009972456411
"743",36.6227316680027,26.9819003063639
"744",43.8009986094623,27.2073703038322
"745",57.5139773766991,26.9474906073763
"746",51.3019879636629,37.3475311075503
"747",36.0017758497862,29.0696715296173
"748",51.6085561254574,23.8674266783662
"749",34.3308177265304,28.649793404299
"750",58.3877466001231,31.1632737006565
"751",46.0277500615697,31.3988901832244
"752",48.3250941867167,32.529269284418
"753",58.7728428731572,35.2927699800514
"754",43.9594750474421,34.1991130057155
"755",53.2512975872045,30.7601203439012
"756",58.2751220670307,33.9255353934796
"757",57.102576512659,27.9115002180441
"758",62.0220474983147,31.9723850328594
"759",47.394355612462,29.4291599745852
"760",53.0689855323756,30.933546207369
"761",33.1882629217367,29.5148203413141
"762",46.6359845050899,30.922318701268
"763",46.6396541034292,32.042525475705
"764",34.0104884137002,37.6546665210548
"765",59.0548366078996,28.5236765380692
"766",48.9493769512853,30.4358818666735
"767",52.6557872028352,31.9564411314027
"768",42.0957844380475,31.875493165511
"769",55.3090551273514,33.9431021955785
"770",60.7408695753116,30.5372920982948
"771",33.310127867158,31.0651186584325
"772",51.4059815726713,34.8467268772757
"773",36.8911458876181,39.2926069203603
"774",54.7966083098845,31.29159631258
"775",33.8236477862381,30.2545799940469
"776",54.0191267744864,32.1714257475077
"777",51.472811335142,31.4535696393881
"778",40.9122606124439,30.4278867710845
"779",32.6762003470179,30.7088330871218
"780",34.3670913947314,27.0053209650763
"781",41.3613231906171,27.2989732710845
"782",62.0936159596569,33.2939808258139
"783",61.3435133676731,28.4374499044886
"784",54.9839349553055,30.026948484633
"785",49.2230858371591,28.5376441287352
"786",55.0434115063426,35.3083860057558
"787",52.6069196239901,33.5475256373989
"788",38.8371833145167,39.1194876149748
"789",60.2727845416912,38.9164514210108
"790",52.2728244861009,29.5506368298723
"791",48.051660380644,33.7036192652673
"792",61.1478226709987,29.6072280059292
"793",44.859093133632,30.625384711634
"794",32.1546188423118,36.8820550402046
"795",32.99280459497,26.515251184055
"796",47.6121742836554,31.0319211291991
"797",37.8655091325011,29.5804947484397
"798",58.4387934295141,29.2952642332775
"799",58.7711607441183,32.4869338062748
"800",51.0874978699753,30.6358559711466
"801",57.0622993423817,37.2843974684826
"802",60.0970246848162,30.0190401552349
"803",37.1928269521311,26.9912733380031
"804",59.6134000964823,33.6233471413373
"805",41.1948033218247,26.0949981376005
"806",34.1201208185013,28.4491669110026
"807",41.4098224432627,25.7061693418111
"808",32.5815429787872,36.7323882931548
"809",58.8231809114242,33.4078834083601
"810",55.5537905988233,29.8785085761406
"811",58.141485707397,33.4273123604492
"812",35.6018995325325,32.5151903686349
"813",45.6345948069038,31.3680167269203
"814",49.5876441593908,31.0615418646743
"815",48.046053001017,34.6533536906176
"816",44.2986773347503,30.1612139983754
"817",59.7579744312694,35.6140703265225
"818",47.7346758617664,34.3684692270328
"819",52.2673438098087,29.7762248964372
"820",40.1241543492261,27.4302930292093
"821",57.5083518934609,29.9941858902014
"822",37.7785598064841,33.9903603589872
"823",43.9444528537074,34.3494439665266
"824",35.6214729960744,28.6331864348477
"825",51.7379655807949,35.9585641576576
"826",49.632067751526,25.2208630822874
"827",31.7281498489093,30.9178541170466
"828",42.1642957224461,26.9321429068567
"829",61.0968107760914,28.2504269117539
"830",40.9322562083122,34.7245019103604
"831",39.4054045640125,33.0174692260471
"832",36.0812963095611,31.9627717850595
"833",33.7693526642855,31.0151371697296
"834",44.3732549308065,36.6918670972787
"835",58.7847002703797,32.9718233125261
"836",44.5458065717607,34.3537535755948
"837",42.2400146798731,33.3069876652043
"838",45.6383455898818,28.5383913037765
"839",57.9555264149318,30.033519040911
"840",38.0104617925326,34.1584846509567
"841",54.2969146636384,31.7840249724768
"842",41.1524547912098,34.0009972456411
"843",62.0073427285448,26.9819003063639
"844",49.8164872715107,27.2073703038322
"845",41.031283378677,26.9474906073763
"846",43.8721932367186,37.3475311075503
"847",52.930825917816,29.0696715296173
"848",48.4629600619552,23.8674266783662
"849",50.6045174776176,28.649793404299
"850",32.7145308268363,31.1632737006565
"851",46.4530203691564,31.3988901832244
"852",44.6846804341288,32.529269284418
"853",35.717081451236,35.2927699800514
"854",43.8242945119444,34.1991130057155
"855",46.5878600593708,30.7601203439012
"856",39.5980232716977,33.9255353934796
"857",46.9978137902177,27.9115002180441
"858",57.1548279746278,31.9723850328594
"859",51.3302453454963,29.4291599745852
"860",40.5622522174179,30.933546207369
"861",55.8292567345792,29.5148203413141
"862",45.8645532770257,30.922318701268
"863",57.7615133927106,32.042525475705
"864",54.8657678864299,37.6546665210548
"865",48.6392262859795,28.5236765380692
"866",42.8565167025141,30.4358818666735
"867",38.581393602477,31.9564411314027
"868",50.7624726778857,31.875493165511
"869",32.1893108327439,33.9431021955785
"870",47.6216196508071,30.5372920982948
"871",44.3100303690212,31.0651186584325
"872",39.1243227026819,34.8467268772757
"873",62.3567228295141,39.2926069203603
"874",47.2157821837619,31.29159631258
"875",58.4281560255093,30.2545799940469
"876",46.3506342291627,32.1714257475077
"877",35.5329501919443,31.4535696393881
"878",48.2840338725041,30.4278867710845
"879",48.96878027014,30.7088330871218
"880",32.86406752604,27.0053209650763
"881",32.2531918058714,27.2989732710845
"882",57.740494324725,33.2939808258139
"883",49.7021015825447,28.4374499044886
"884",58.9161173979162,30.026948484633
"885",45.5110533939366,28.5376441287352
"886",31.7315179178886,35.3083860057558
"887",51.6054992118389,33.5475256373989
"888",61.77696179694,39.1194876149748
"889",54.8891557186842,38.9164514210108
"890",36.3361948119068,29.5506368298723
"891",54.9843819206663,33.7036192652673
"892",51.0895841301335,29.6072280059292
"893",37.3098376062088,30.625384711634
"894",47.6882184843445,36.8820550402046
"895",58.9753927611445,26.515251184055
"896",47.7010166914983,31.0319211291991
"897",52.9917723869953,29.5804947484397
"898",48.7131520423126,29.2952642332775
"899",51.4513850639089,32.4869338062748
"900",35.7219946908636,30.6358559711466
"901",50.3284948258805,37.2843974684826
"902",42.6496388152769,30.0190401552349
"903",51.4313386901541,26.9912733380031
"904",43.0768582344519,33.6233471413373
"905",43.4279288469807,26.0949981376005
"906",56.5741130902076,28.4491669110026
"907",48.7880102626293,25.7061693418111
"908",38.9366766071546,36.7323882931548
"909",57.0393064614359,33.4078834083601
"910",46.3393956097148,29.8785085761406
"911",38.6675460550725,33.4273123604492
"912",40.6554696061249,32.5151903686349
"913",32.3211297068434,31.3680167269203
"914",57.679814106636,31.0615418646743
"915",62.2152903014817,34.6533536906176
"916",57.8396861245758,30.1612139983754
"917",60.085388700245,35.6140703265225
"918",56.811439686213,34.3684692270328
"919",56.722588369199,29.7762248964372
"920",34.2715059439566,27.4302930292093
"921",40.8504166357083,29.9941858902014
"922",38.7939353526084,33.9903603589872
"923",41.3797352508104,34.3494439665266
"924",56.383794126316,28.6331864348477
"925",62.3558645793646,35.9585641576576
"926",34.4634249013515,25.2208630822874
"927",48.9946690851988,30.9178541170466
"928",48.1112951682151,26.9321429068567
"929",46.3895058935807,28.2504269117539
"930",53.5393928387281,34.7245019103604
"931",44.2461736730192,33.0174692260471
"932",43.4738845239619,31.9627717850595
"933",48.1116988165715,31.0151371697296
"934",59.8151452039758,36.6918670972787
"935",55.5814612554172,32.9718233125261
"936",34.2041348432798,34.3537535755948
"937",47.3225550445373,33.3069876652043
"938",53.0108264634169,28.5383913037765
"939",42.9317479084244,30.033519040911
"940",46.1589268389804,34.1584846509567
"941",46.4672159995471,31.7840249724768
"942",61.5112820857422,34.0009972456411
"943",49.3893944020641,26.9819003063639
"944",36.3504980545514,27.2073703038322
"945",60.3359512377519,26.9474906073763
"946",50.2693170612319,37.3475311075503
"947",51.4377552024562,29.0696715296173
"948",51.3201003524023,23.8674266783662
"949",35.2872452885488,28.649793404299
"950",51.3300700367082,31.1632737006565
"951",61.9699002253714,31.3988901832244
"952",52.3817884982608,32.529269284418
"953",55.6697347271045,35.2927699800514
"954",57.2344797678733,34.1991130057155
"955",62.1075363858986,30.7601203439012
"956",62.4264513349006,33.9255353934796
"957",36.6254913093529,27.9115002180441
"958",55.5990538620484,31.9723850328594
"959",35.0504705345013,29.4291599745852
"960",46.9423151109321,30.933546207369
"961",39.1436367177024,29.5148203413141
"962",37.2577064838811,30.922318701268
"963",54.3438935347827,32.042525475705
"964",33.4029827301357,37.6546665210548
"965",50.4222657827886,28.5236765380692
"966",46.6712953976446,30.4358818666735
"967",57.8664611022611,31.9564411314027
"968",31.5739677703783,31.875493165511
"969",58.8952134469542,33.9431021955785
"970",61.3708464339765,30.5372920982948
"971",61.5063466682766,31.0651186584325
"972",42.598680002352,34.8467268772757
"973",53.5238666916589,39.2926069203603
"974",48.49384902129,31.29159631258
"975",44.8590143335497,30.2545799940469
"976",36.6086709186589,32.1714257475077
"977",48.399350430873,31.4535696393881
"978",38.2135594482509,30.4278867710845
"979",55.2075176261355,30.7088330871218
"980",53.051443791406,27.0053209650763
"981",49.2000230140999,27.2989732710845
"982",36.3372919053766,33.2939808258139
"983",36.7639193913238,28.4374499044886
"984",43.3509999392686,30.026948484633
"985",38.9661404794717,28.5376441287352
"986",54.2364590912498,35.3083860057558
"987",54.1447653609807,33.5475256373989
"988",32.2422323404514,39.1194876149748
"989",32.7772559557039,38.9164514210108
"990",44.4462816069464,29.5506368298723
"991",56.7667884347663,33.7036192652673
"992",45.4483065480501,29.6072280059292
"993",40.0132836720459,30.625384711634
"994",45.085420948294,36.8820550402046
"995",38.3252546480043,26.515251184055
"996",58.1003782067618,31.0319211291991
"997",55.3970742853598,29.5804947484397
"998",41.8201407479243,29.2952642332775
"999",46.4364634719523,32.4869338062748
"1000",45.7469111836174,30.6358559711466
