,x,y,a,b
1,1.668298956,2.18189292,0.090944313,4.87264103
2,1.653931164,2.873584408,1.217837205,5.790199196
3,1.630525449,2.635850899,1.164129244,1.338789049
4,1.330181193,2.838281222,-0.34111129,0.415167183
5,1.279361116,2.161969432,0.358929457,1.938745671
6,1.033796888,2.713197324,-0.652161515,1.418899117
7,1.513637094,2.508723035,1.841120143,-1.00467945
8,1.165088697,2.49379758,1.503980567,3.219843987
9,1.203347712,2.472425306,1.216280154,1.64636282
10,1.868598013,2.544492801,0.787623252,0.094541616
11,1.74041503,2.297026875,0.281529088,2.489693346
12,1.060880831,2.704108182,0.682736879,4.578065932
13,1.369113497,2.902355764,-0.232683254,7.070185692
14,1.943452684,2.322168725,1.555020071,3.067866953
15,1.110686324,2.893944651,0.751247333,-0.50883855
16,1.004083937,2.269440934,1.081268619,4.956102858
17,1.688731205,2.920704465,-0.295321913,2.058351446
18,1.767208687,2.95928988,-0.313704875,3.391159252
19,1.44082945,2.516485608,0.387919604,0.277099963
20,1.821773188,2.5957809,2.412881034,1.423077202
21,1.355134585,2.367343622,0.531878164,0.358993047
22,1.812074162,2.142506334,1.420822682,0.149119768
23,1.675432325,2.179350009,-0.001070564,4.210837757
24,1.632967767,2.1064462,-0.124691916,2.699602189
25,1.639378758,2.343567552,-1.042779056,4.560044284
26,1.796353114,2.958294626,1.376943172,2.871243908
27,1.167520104,2.076016359,1.379472814,2.59815132
28,1.186572811,2.599495989,-1.249254582,4.488050306
29,1.689297388,2.713312038,1.819868231,3.716846595
30,1.130942899,2.7627856,0.922737057,-3.570368077
31,1.618887182,2.771000354,0.492446299,3.503233749
32,1.653897777,2.274189835,-0.405692327,1.026755215
33,1.925658393,2.86545385,1.527330609,1.553137148
34,1.319590196,2.660099038,1.000990026,5.005486308
35,1.298764582,2.728179541,0.86339798,2.856504806
36,1.258813442,2.677132199,0.714502897,2.671731043
37,1.997856991,2.832389133,0.660736583,3.272564655
38,1.859472807,2.083762076,0.633603563,1.706360179
39,1.49273517,2.361213508,1.584797668,-0.115377707
40,1.284651528,2.884113733,2.824157263,1.150187382
41,1.503777816,2.563483717,1.84276313,-2.799239253
42,1.502973777,2.22406972,-0.283149536,1.796576894
43,1.950408963,2.376066441,0.975882515,3.487992313
44,1.51591693,2.410485636,0.31037131,3.475397056
45,1.825988987,2.634945075,2.859282949,3.192902745
46,1.975093654,2.446995321,0.957506213,4.499620004
47,1.153012061,2.088398496,1.009992592,0.835560846
48,1.850731441,2.792045444,0.224222226,-1.806366538
49,1.044140304,2.666162703,1.006189024,1.108103282
50,1.748385043,2.966823373,0.952806571,1.037723148
51,1.71007137,2.335947386,0.618629197,1.400019527
52,1.99103818,2.269636803,0.558002339,0.528874621
53,1.395131336,2.833331798,1.977101539,-0.719292003
54,1.577382664,2.574835211,1.336702291,1.792861329
55,1.946822894,2.072752636,0.858764674,4.785352764
56,1.309164273,2.486919206,2.592108942,4.719880586
57,1.602508355,2.756081916,0.315745139,3.43741475
58,1.01072366,2.585963325,1.871266655,1.975812855
59,1.718882953,2.394763334,1.525030269,3.838821906
60,1.952058078,2.498306015,2.080984731,-0.101329696
61,1.811211638,2.258068112,-0.296040673,-0.518077597
62,1.832869794,2.870039265,-0.463845388,1.066810996
63,1.022636907,2.273507843,2.604032552,-0.187100893
64,1.883734915,2.082439148,0.995339101,-0.357759096
65,1.595573941,2.778590401,0.698249072,5.056152874
66,1.06161872,2.741252478,1.545324598,2.164026414
67,1.235037968,2.85779709,3.296708021,3.569951503
68,1.976943269,2.159881072,1.545841313,1.470097359
69,1.908433628,2.742341793,2.989498053,5.854752546
70,1.982193992,2.063518083,2.451427622,4.59224276
71,1.99208331,2.229475474,1.589398801,4.377454012
72,1.688589708,2.363558857,1.221318885,1.905655198
73,1.046416049,2.826814894,1.178137474,-0.51228167
74,1.534450811,2.766101534,0.686330751,3.940982317
75,1.936515083,2.441587529,0.911375626,2.911221661
76,1.357965251,2.77481694,0.649925412,0.510886149
77,1.867238354,2.779880822,0.156082783,2.982224368
78,1.224482134,2.932178211,2.469147791,1.305427933
79,1.12830071,2.508119642,1.693946232,-1.331822506
80,1.55630434,2.459112247,0.724263924,1.745614157
81,1.471677489,2.998251597,-0.668268824,1.47086247
82,1.44045007,2.889657027,0.230644724,-0.008127424
83,1.323167442,2.856689951,-0.463355485,1.143139166
84,1.940531352,2.197767796,0.07283699,5.355135916
85,1.65595166,2.095120891,1.241891042,2.892951752
86,1.898817566,2.368257246,-0.446738602,3.681116729
87,1.8999881,2.668733117,2.005715103,3.448183003
88,1.167759082,2.697075611,1.528040762,-1.329570979
89,1.285167086,2.771922932,0.580984875,0.280293817
90,1.649549793,2.150689347,0.310107771,0.884307119
91,1.446172081,2.343915156,0.099342934,1.897779856
92,1.979586431,2.874036964,0.12733525,2.34839631
93,1.631805337,2.926867396,-0.059010225,1.428067593
94,1.122705834,2.963779095,2.481302776,1.957712872
95,1.360743202,2.135062682,-0.691971149,2.574258367
96,1.236354256,2.905413538,-0.138289991,0.300832562
97,1.060343911,2.949169675,-0.51107808,4.30007737
98,1.164687356,2.290645178,1.877353841,0.156067622
99,1.898239894,2.508593293,1.288172948,0.585620074
100,1.123728185,2.364818602,-0.330419896,3.349185878
101,1.099988647,2.495255086,0.403476954,-1.934223956
102,1.908771409,2.314425474,1.345368915,2.854222809
103,1.439131948,2.197360544,-0.266936647,-0.145428694
104,1.199963541,2.420731613,3.384274093,2.681617179
105,1.813135684,2.715522952,1.848255093,0.640346584
106,1.757658391,2.209771005,0.251831042,6.83179578
107,1.656411832,2.936559232,2.333171312,-1.568289731
108,1.549739464,2.298607091,1.665002282,2.807524592
109,1.287916524,2.439205108,0.623896404,3.212085259
110,1.116085923,2.491578405,0.857081211,2.423114955
111,1.710808786,2.029908478,0.825212394,3.978298497
112,1.412307845,2.958232563,1.274789312,1.993318417
113,1.208681624,2.869557907,1.521981461,2.68182122
114,1.631910618,2.092179092,-0.381242844,3.72575014
115,1.178710533,2.099728205,1.853580117,1.253253306
116,1.828803178,2.677516923,-1.605066865,1.363337773
117,1.84606649,2.343402048,2.195997564,1.79510135
118,1.095837688,2.082562879,-0.155261998,2.411351679
119,1.048551478,2.774600138,1.304423744,1.032231251
120,1.169206777,2.031466697,1.944173591,3.12356668
121,1.207222472,2.851104446,-0.189672321,0.15163854
122,1.738924543,2.635954018,0.017483298,2.416254716
123,1.023713699,2.039323824,1.51743966,0.754982891
124,1.130788227,2.706455335,0.500535457,5.009909408
125,1.632720761,2.757207768,1.740498896,3.016532701
126,1.701424059,2.019382636,-0.569941689,0.37702655
127,1.682340452,2.561129961,2.474371464,1.977687907
128,1.957760263,2.630613543,0.756468649,3.834085419
129,1.466592105,2.745655758,-0.761097465,-0.909016806
130,1.565174355,2.972735787,0.612746453,1.99511249
131,1.116486831,2.171477967,2.551692377,6.036800415
132,1.284831824,2.300571419,1.723070017,1.686046207
133,1.409979881,2.23317683,1.476547104,3.012845592
134,1.348076263,2.77981859,0.380606918,-0.046505605
135,1.151931202,2.88693746,2.124382351,4.049309422
136,1.189728855,2.112885214,-0.162681952,2.218160482
137,1.575883516,2.899883428,0.767890884,4.884711057
138,1.156290535,2.244028428,0.806250816,1.112286583
139,1.657900778,2.51560324,0.9792544,2.068270633
140,1.153460246,2.405476641,3.31570205,4.001202729
141,1.150581718,2.506927311,2.038518265,6.106949793
142,1.449062576,2.183654933,0.024785427,0.585904111
143,1.857660638,2.988722689,1.532177816,0.861944897
144,1.979681245,2.383198373,-0.028337692,1.245817631
145,1.566950582,2.726786222,3.067100595,-0.023207476
146,1.574305821,2.57487022,1.306248656,2.406411623
147,1.06783586,2.170171741,2.056732669,-0.098714581
148,1.231459583,2.481855686,0.460719736,2.664890428
149,1.575411395,2.721058726,1.51000891,3.515589677
150,1.624940324,2.42852957,1.324198608,2.309498025
151,1.412505512,2.893445918,1.450280714,4.221044894
152,1.33589302,2.918034327,2.310064381,1.610491182
153,1.368718421,2.688235668,1.396511414,1.694699013
154,1.52676399,2.409393542,1.698737732,0.55590033
155,1.59491167,2.671513243,0.690065645,2.649042498
156,1.321591408,2.784411245,2.225021604,3.520296631
157,1.627078446,2.115290488,1.763558652,2.873714726
158,1.925046727,2.091751275,1.212663188,2.349167043
159,1.304078641,2.067298643,1.434138604,1.741065485
160,1.780629525,2.065130569,0.699137755,0.148849516
161,1.802863196,2.446037805,0.002643487,1.434326339
162,1.469459858,2.652547803,1.136422818,3.518707186
163,1.91349945,2.552435892,1.702389174,0.881912953
164,1.530806165,2.305599368,2.253709713,5.267375333
165,1.618273183,2.362216116,1.364199847,1.413505838
166,1.173677747,2.950120987,-0.657545154,3.203750558
167,1.320348577,2.912362769,1.447636889,0.900324928
168,1.474542991,2.189831518,0.168062876,0.7496597
169,1.921499834,2.749951921,1.193868305,4.09081807
170,1.858843234,2.267580032,1.149932709,2.055452897
171,1.117404051,2.078677771,1.310394016,1.446923775
172,1.66193153,2.804250069,0.810498,-0.09360748
173,1.788619295,2.141649353,1.444954508,1.370271643
174,1.590101112,2.743494267,0.96011889,0.003207879
175,1.445111863,2.37533126,1.457609917,4.362389812
176,1.833287274,2.33881103,1.273962281,-0.956697253
177,1.890115173,2.504076932,0.334066662,-1.114693857
178,1.906238616,2.189779354,0.843890358,-2.97941213
179,1.643986607,2.330376487,1.721066729,1.404716564
180,1.795918889,2.73596837,1.310212809,-0.865615632
181,1.952512471,2.635374,-0.925309928,3.223793566
182,1.88468739,2.958624128,-0.060892975,-0.915407867
183,1.65791128,2.59159109,0.982439562,1.958729412
184,1.964109071,2.761794385,1.003882495,1.020558086
185,1.298418154,2.710454288,0.967580757,3.077398753
186,1.527634352,2.8646444,1.744428325,2.668381606
187,1.013625748,2.560868948,2.795842388,0.448504946
188,1.437160671,2.790089533,-0.099511117,3.452860753
189,1.384351627,2.963009865,0.754784397,-0.475421947
190,1.923326469,2.478758375,0.888767758,2.143411815
191,1.435660739,2.752223861,-0.338243022,0.410420244
192,1.950014686,2.995178931,0.039411574,-0.332701551
193,1.514127489,2.68181802,0.330389392,-2.001035976
194,1.257175594,2.531133235,0.422421238,0.767376183
195,1.765680425,2.397779236,2.336486767,3.873705914
196,1.416176266,2.553518183,1.619671615,1.060665544
197,1.839109039,2.267122982,1.067116352,3.080621859
198,1.325487344,2.231281845,1.365654667,4.460160909
199,1.480490238,2.358789786,1.511913587,-1.553023519
200,1.878933247,2.564534848,1.557295727,4.60855219
201,1.41226208,2.705483472,0.860364351,-1.767300164
202,1.046158796,2.106598701,0.584636561,0.455614136
203,1.236691202,2.638160044,1.584096931,1.320808273
204,1.00792463,2.338141299,-0.573308984,2.035045538
205,1.824550857,2.319790486,1.483953071,-0.053225279
206,1.057999657,2.007959643,0.482318241,2.089310595
207,1.78753199,2.391553663,1.802612524,3.168824543
208,1.126945344,2.270828924,-0.147915535,5.198196907
209,1.594699257,2.039344535,1.930596404,0.878852359
210,1.23805995,2.420236411,1.758343094,-1.332755666
211,1.492250168,2.992755916,1.098484165,4.51531108
212,1.183576739,2.411030369,1.514210929,0.027467571
213,1.052611175,2.185796327,2.978981749,0.981179845
214,1.66536087,2.290612586,1.470516601,1.721601526
215,1.888273918,2.703923805,-0.147558501,3.426829725
216,1.372448252,2.911516066,1.8927024,1.687873917
217,1.755326947,2.611000502,3.360887512,2.172745161
218,1.717209332,2.171003128,0.130055327,1.357627706
219,1.313035385,2.619339398,2.390439006,-1.883426238
220,1.479066068,2.403953748,1.523544612,-1.037257785
221,1.064716312,2.869544807,2.671563147,0.137185045
222,1.777943102,2.96123905,0.322511437,2.976173507
223,1.683759536,2.900314289,2.322647527,0.692497029
224,1.104073774,2.913588674,1.337085514,3.633671631
225,1.105086705,2.345780692,-0.006901091,2.08661123
226,1.846075732,2.796911194,-0.388559585,5.818502704
227,1.769760249,2.026493355,2.337549761,-0.843000561
228,1.450646076,2.752163339,1.01081266,2.861284162
229,1.503116366,2.270406427,1.174935509,-3.353591515
230,1.44981964,2.679885034,-1.047375014,2.698654586
231,1.12294409,2.376158412,1.442831468,4.024618243
232,1.030760298,2.512594511,1.708661014,0.451940042
233,1.881759407,2.316209745,0.844323204,-1.657385246
234,1.108817728,2.438441286,2.122607896,4.869831959
235,1.20413659,2.175559958,0.691985893,0.993551189
236,1.052755391,2.907124028,1.775061856,2.881073479
237,1.222458585,2.226827593,0.359532989,4.706800845
238,1.861970284,2.577112947,1.14453094,0.294088366
239,1.292541278,2.617121681,1.187772821,0.250088182
240,1.827995827,2.434214515,0.960323288,0.675984375
241,1.302973849,2.787011973,1.662732162,1.603897461
242,1.349702804,2.465018658,0.272253141,6.376872499
243,1.465469579,2.788019758,2.452670864,1.806646736
244,1.022403168,2.923786201,0.481533422,4.262542793
245,1.438543706,2.64566715,-0.704188783,-1.122486154
246,1.634002104,2.483894591,2.250398018,3.881709236
247,1.197422335,2.524788978,1.799556653,3.407701318
248,1.861745911,2.861952076,2.559988384,2.124186766
249,1.694234875,2.839145716,1.166469009,2.848454745
250,1.256281312,2.213969209,-1.245178471,1.661198856
251,1.703381292,2.849026868,-0.147725359,4.097513547
252,1.326842204,2.579876882,0.378372718,0.216073728
253,1.974127104,2.953751418,1.307388541,2.045307972
254,1.240084181,2.67768984,1.314657147,0.841910942
255,1.011531388,2.46549446,2.492275621,-1.261513358
256,1.925779121,2.408365791,0.50126418,-0.078754055
257,1.111352141,2.822623093,1.288405729,4.742185298
258,1.316374991,2.001096713,-0.393403439,3.464652547
259,1.09979562,2.068305205,1.227506803,-0.963691461
260,1.988942302,2.689217262,2.239481888,1.119446199
261,1.628083408,2.656873467,0.517077522,-0.444815104
262,1.162912027,2.777477684,0.018330861,1.226137419
263,1.167953638,2.415775497,1.85938427,5.314897825
264,1.187565276,2.540754101,1.662233396,2.671102795
265,1.963678033,2.338963333,1.874707016,6.544310586
266,1.732679183,2.510345016,0.431790707,5.348926899
267,1.875279157,2.658320502,1.703829899,1.605432729
268,1.409973233,2.536841824,0.084254897,3.720227647
269,1.903301089,2.12882601,1.659404602,2.499612741
270,1.579548388,2.709571369,0.550538811,0.756612983
271,1.755429438,2.690839776,0.03643491,2.958258803
272,1.497390382,2.667558149,0.568670488,2.65312573
273,1.76085799,2.550071009,1.095260568,2.564394957
274,1.510749461,2.116209353,1.996745843,1.107605068
275,1.285762039,2.932622028,4.099393322,3.357501712
276,1.62283705,2.192695397,0.963530138,4.220189023
277,1.048080058,2.100263109,2.50774242,2.811589997
278,1.939745656,2.249852686,1.007007804,1.139978665
279,1.532628382,2.432809945,2.372706187,-0.685526791
280,1.063983737,2.626910994,1.79657869,1.446592637
281,1.820260143,2.704815649,0.638234342,2.763352784
282,1.029312482,2.910590163,0.476052584,5.440880387
283,1.896391064,2.831646068,1.269927324,-0.946353982
284,1.402160182,2.73823152,1.467287841,6.179579137
285,1.960919967,2.509935186,1.164559339,3.453177795
286,1.53497098,2.651540246,1.293384039,0.938705915
287,1.492623948,2.731991614,1.045605148,2.672810974
288,1.649911567,2.803283985,0.937717381,3.976091487
289,1.617428312,2.798319944,0.459093173,-2.163895101
290,1.248841806,2.409596729,1.484487775,0.93307887
291,1.003194923,2.855620542,1.548516244,5.040630149
292,1.639199854,2.149311613,-0.348072696,3.088193047
293,1.409551773,2.261773207,-0.77918914,2.203137545
294,1.682337674,2.225765678,1.057247633,2.13404181
295,1.373711403,2.80889336,1.130929481,1.966932579
296,1.242810948,2.727119254,2.226754314,1.995258606
297,1.557684287,2.977494517,0.117518684,4.575877502
298,1.551133426,2.928741272,1.064560742,3.800184962
299,1.528939886,2.677393992,2.161653371,0.102725227
300,1.716567763,2.651440949,-0.002232739,4.893125174
301,1.346270683,2.821892544,1.599929064,-2.495860616
302,1.886672011,2.694249032,2.506196346,1.741819866
303,1.23417374,2.334315312,0.662737295,0.306603935
304,1.243708688,2.191823736,0.772608726,3.104149788
305,1.924134121,2.722220017,1.767268972,6.366921616
306,1.616181948,2.175093077,2.96987319,4.502793401
307,1.899480787,2.280311776,1.610104898,-0.080410764
308,1.844929899,2.807240007,1.005723546,2.149192256
309,1.00224771,2.185248001,0.764848658,0.384525352
310,1.983381138,2.311183842,0.141065021,-0.488283224
311,1.787487969,2.956241337,1.183095715,0.383995687
312,1.819078424,2.151600463,-0.79502697,1.331262715
313,1.101756454,2.87007596,1.171833733,4.251349941
314,1.993525652,2.105126062,0.065905845,2.509422612
315,1.1163777,2.717165455,2.005063449,-0.394265127
316,1.727413539,2.302337434,2.152447848,3.887473758
317,1.808898171,2.951633338,0.565854077,4.805660808
318,1.996231426,2.686652993,1.342062918,0.575024042
319,1.905298422,2.638210217,2.183256799,-2.359178276
320,1.924290177,2.637268325,1.282777868,0.842908612
321,1.549470319,2.922022301,0.503198645,3.353970319
322,1.91062017,2.028170782,1.686894281,3.919330865
323,1.588166872,2.593380037,2.889979056,1.155591254
324,1.705090438,2.721844556,-0.804017167,4.177478126
325,1.39717312,2.49410931,1.065301806,4.414382951
326,1.822899036,2.798983642,-0.410820251,1.805733323
327,1.437367664,2.306415435,0.110902336,2.650989428
328,1.552342452,2.09821763,0.653654529,0.22010388
329,1.439268676,2.71722698,0.6032088,2.019077497
330,1.624530382,2.408531972,1.206634903,1.964653235
331,1.965650899,2.443407256,-0.144227839,2.647575699
332,1.30787497,2.459060334,0.926449268,3.324661154
333,1.370343545,2.474522525,2.097361558,2.209240421
334,1.491760343,2.484296836,1.584397546,2.240808083
335,1.245702013,2.290890892,2.33702089,0.160484211
336,1.756603452,2.071474693,1.811313395,1.341919212
337,1.580222482,2.497552576,1.739670928,-1.842768006
338,1.634962244,2.548466227,-0.136965463,2.521029228
339,1.523408421,2.439947083,1.918512141,2.74957511
340,1.411287076,2.450315316,0.44092897,-2.686736557
341,1.300691888,2.912621589,1.306018934,0.059205618
342,1.016687837,2.407365015,2.206069663,-1.686436595
343,1.193378033,2.457354366,0.141029521,2.008666376
344,1.647622808,2.311023818,0.121038604,3.33511779
345,1.919557294,2.283656275,1.790005639,-2.586537404
346,1.870902809,2.099318573,1.98990413,1.094362507
347,1.814941989,2.391951986,2.508300537,0.300978013
348,1.78397783,2.307640956,1.058347534,0.502107377
349,1.22108421,2.355200153,0.842959587,-1.708120808
350,1.450642926,2.990667496,0.797935181,-1.583419605
351,1.287563672,2.396790199,0.38764535,6.099527394
352,1.237693337,2.48158155,1.416871149,0.639066594
353,1.575028069,2.161103538,2.069453255,3.686590996
354,1.497448968,2.664195649,-0.043671254,-1.68954239
355,1.227100704,2.607914912,1.016251269,1.501272617
356,1.434952676,2.630370457,1.117081135,4.146469997
357,1.914568026,2.942856989,1.207686623,1.249568478
358,1.634282737,2.992517191,1.497055979,4.149614461
359,1.342220037,2.353001281,2.114857494,2.916097607
360,1.235784655,2.967541515,1.010906832,1.158988382
361,1.908509562,2.612439998,2.111116345,3.706917844
362,1.524739142,2.379680545,1.197583117,0.151519276
363,1.095326035,2.761363867,2.570074086,5.20780858
364,1.727861926,2.16842967,1.648052425,3.772368527
365,1.71117906,2.416180214,1.142238869,-0.971345293
366,1.989866142,2.026089019,0.322163714,4.496354082
367,1.979278294,2.275467983,2.435031563,2.603117295
368,1.197408391,2.824346359,1.766720007,-2.589184299
369,1.874603395,2.388947081,1.604806931,4.15558605
370,1.173704378,2.928956105,1.949319293,1.886734406
371,1.112735965,2.929943209,-1.062696475,1.070208556
372,1.912217261,2.208548724,-0.21234564,4.003793771
373,1.606551007,2.339644687,0.693968388,2.197928612
374,1.151081997,2.663293425,1.391871148,6.284923142
375,1.886537116,2.036100708,0.201884885,0.76340803
376,1.850457374,2.274366305,1.513142392,5.458080203
377,1.552378435,2.682817583,1.300220809,2.136105915
378,1.654738761,2.991839137,-0.190553109,1.461666689
379,1.08169099,2.569414498,1.227035417,2.108965221
380,1.253031341,2.856036386,0.098913356,0.130568102
381,1.563643898,2.491066754,0.532679711,3.218992415
382,1.436882738,2.171994008,0.981643496,-0.391507282
383,1.014695823,2.149163748,-0.262187046,0.789955517
384,1.176657341,2.123916692,3.550995932,-0.594230216
385,1.990992481,2.139049378,-0.165219491,6.784354117
386,1.033758384,2.286321962,2.496984992,2.774543739
387,1.292249341,2.972431866,0.825847609,2.85860639
388,1.771250205,2.039237035,-0.937062265,0.500445921
389,1.627270682,2.509478865,0.309274748,3.449402631
390,1.341307507,2.505751874,0.071198618,1.604549664
391,1.488896645,2.920333767,2.000631579,3.769974492
392,1.029462456,2.751181231,1.605753422,2.468564459
393,1.589326421,2.70615689,0.013267944,1.187471931
394,1.388349381,2.326690111,0.100378917,2.35235283
395,1.69974323,2.007388937,-0.379450659,1.094314286
396,1.525583969,2.756774871,-0.849769573,-0.416904962
397,1.147197185,2.068361415,1.857818562,2.355375391
398,1.005037817,2.252226665,1.342847987,4.947071884
399,1.01473448,2.270553004,1.77028559,0.863233134
400,1.382802817,2.741167533,0.168219541,2.360176702
401,1.304192656,2.176912989,0.506644564,0.122472144
402,1.871087179,2.17786406,3.217337803,3.147951429
403,1.04431827,2.851167787,2.088958247,2.835202085
404,1.832711778,2.542706114,0.860736108,3.796668583
405,1.899872351,2.467859866,1.448446676,2.753841742
406,1.819561687,2.313552754,0.413495295,1.638140587
407,1.039465822,2.443643561,2.718750558,4.185354676
408,1.374662491,2.172184196,1.494197193,-0.262616661
409,1.03407173,2.345441788,0.285708445,0.010121715
410,1.182550393,2.374289941,1.230672964,-0.24588267
411,1.013721296,2.772852973,0.796228882,2.872649372
412,1.40728831,2.672507528,0.925271718,4.323330731
413,1.061555153,2.53049661,-0.433168232,-0.690852063
414,1.920861535,2.069265218,2.803513805,3.037557121
415,1.053801982,2.839824815,0.839362044,1.715573624
416,1.610537347,2.971261744,0.716676284,0.009767732
417,1.175474256,2.974987556,1.402343229,5.189275776
418,1.656874508,2.147998575,0.176637208,3.878624848
419,1.878991705,2.166676243,0.961024316,5.26869495
420,1.221622856,2.650270965,2.15987399,2.241770171
421,1.52186444,2.895924978,0.630417,2.987338288
422,1.855209707,2.460520358,-0.546663473,1.281660285
423,1.666910216,2.230232857,2.448790208,0.541698634
424,1.76587846,2.173561051,0.923506143,0.187869283
425,1.452287277,2.317439072,1.226122048,6.460409078
426,1.015765428,2.995045114,1.286044414,3.120946182
427,1.272108527,2.992837539,1.985255955,1.94538106
428,1.723728491,2.484291672,1.252513399,-2.325981827
429,1.78509705,2.947826653,-1.252905673,4.837186761
430,1.85953536,2.462913479,0.795813322,1.635782254
431,1.627068387,2.622674177,0.395262759,0.80773219
432,1.301293241,2.089399874,1.703951836,4.520385972
433,1.358886213,2.391278238,1.88038103,1.795320351
434,1.480430688,2.43351581,1.069649455,3.399221229
435,1.358452011,2.458123464,0.42960411,1.999860893
436,1.855143686,2.486438229,1.582858957,1.66135527
437,1.013644335,2.506519693,-0.588521957,2.971129506
438,1.031955638,2.878809579,-0.12127485,5.029130423
439,1.782895266,2.894980793,1.268340227,1.917741788
440,1.970442653,2.864097441,1.451486997,2.277979106
441,1.415296493,2.272292698,0.562411872,0.460151319
442,1.414750115,2.088290997,1.266251441,4.614988472
443,1.060669422,2.882584643,1.586501563,0.873866071
444,1.339693343,2.481469859,1.855945373,0.672000686
445,1.90487725,2.092575772,1.094282248,3.095189088
446,1.917912408,2.570012966,2.032912938,1.703915601
447,1.967748102,2.00296416,-0.41500799,3.698316835
448,1.014864624,2.79116698,-0.34610572,-1.886951126
449,1.681204212,2.899881811,0.799944696,-0.848001268
450,1.833377385,2.530135525,0.332569584,-0.87946844
451,1.930134526,2.298990263,0.994288054,-0.628474206
452,1.554150252,2.688758529,-0.337114665,3.6879375
453,1.32413227,2.054001285,-0.024744564,2.192204364
454,1.389303111,2.571124093,1.430468237,-0.09510534
455,1.997731609,2.217789746,1.459502094,3.930112612
456,1.006474158,2.164861324,1.017070419,-3.633841118
457,1.681832777,2.164557654,1.780971029,1.713398668
458,1.770032548,2.350007408,0.205381534,2.917791723
459,1.46676819,2.289920505,-0.896474845,2.548988266
460,1.950991648,2.058591848,2.600470962,3.503976616
461,1.481683617,2.256572634,0.103806481,1.697525863
462,1.715147207,2.885190335,-0.468214136,2.246364862
463,1.086706251,2.660452686,3.106325854,1.525582309
464,1.456426629,2.830760719,2.314485505,0.631636992
465,1.488764101,2.024283549,1.009442017,0.251491262
466,1.512106613,2.895904002,1.294919065,-0.647831867
467,1.791448267,2.656731574,0.43866342,0.007966988
468,1.294755683,2.708916577,1.045383382,2.302483434
469,1.850438725,2.962481297,2.601630057,5.794474561
470,1.09117726,2.561679932,-0.086039323,6.621961222
471,1.868453414,2.784079049,0.344215882,3.607620401
472,1.979046328,2.519989959,2.03960416,2.664182855
473,1.414456301,2.099351169,-0.659284089,0.489445811
474,1.140489747,2.146129866,0.623043181,1.363630284
475,1.527271966,2.124724814,1.447121745,1.616140145
476,1.047967605,2.872438709,2.848434419,4.441389273
477,1.93121115,2.519500874,1.291846651,3.08727066
478,1.416913968,2.534340475,2.173737477,-0.027095432
479,1.951910927,2.908078146,1.787145992,4.081783315
480,1.629747106,2.535775373,0.950777705,1.683741914
481,1.983476792,2.395200055,0.429846163,1.838618843
482,1.528627502,2.782166522,2.672219503,2.460339303
483,1.563348248,2.000677563,0.460509228,0.429276815
484,1.313909108,2.410137753,1.783481336,2.81684533
485,1.091899459,2.450867681,1.223884236,4.316003728
486,1.134814289,2.760670929,-0.435021271,1.110217671
487,1.08472424,2.633736466,0.387517844,0.628776907
488,1.812042081,2.398012596,0.60027198,5.376213041
489,1.023399475,2.347977838,2.530417423,4.931198108
490,1.210982693,2.489067046,0.529742124,2.963662398
491,1.714944767,2.496487861,1.457666077,0.521382422
492,1.588164137,2.050552628,1.459930949,2.642347701
493,1.046849398,2.61629133,1.291236938,2.36706504
494,1.857854818,2.111974938,2.838871953,3.606263093
495,1.670890986,2.794986654,1.181813566,4.868289198
496,1.271488548,2.024087638,0.453470492,-0.450643782
497,1.358804218,2.162761959,1.121382511,-3.46172277
498,1.218230644,2.290823866,2.014182877,2.585568472
499,1.331274935,2.275859439,2.464764523,3.594028524
500,1.446570084,2.111397505,2.812152134,2.324291623
501,1.691842073,2.901116366,1.99663774,2.797289534
502,1.144589936,2.936925231,-0.308004756,1.762180662
503,1.037226793,2.939720846,3.678306532,1.99196101
504,1.356450131,2.817890987,0.800931872,0.866616781
505,1.544629943,2.45124332,1.413297883,0.393081038
506,1.311501687,2.234918732,0.394984767,0.925422856
507,1.235032527,2.328320924,3.737701041,4.215612544
508,1.932139444,2.89429957,0.967909246,-1.25335776
509,1.879482129,2.434504274,1.071978901,2.466857066
510,1.744588215,2.603023689,2.359264702,1.340014732
511,1.497495999,2.416593053,0.658140206,6.003897388
512,1.458960943,2.249110964,0.329396875,4.030431744
513,1.222006096,2.56964641,1.344187723,-0.060984538
514,1.873269647,2.957356132,-1.39014863,2.558559657
515,1.830508359,2.504578199,1.295998381,3.42444024
516,1.620824921,2.873785733,0.231782456,2.222833572
517,1.337246194,2.76488681,0.511916825,-2.245332892
518,1.98465234,2.182878047,-0.970646705,0.745552344
519,1.708196249,2.105517207,0.858156709,2.417271634
520,1.044048935,2.947069869,2.092847321,-3.223850558
521,1.626969037,2.44978106,0.477749164,-0.126089106
522,1.037610839,2.875409643,0.50191163,2.546891593
523,1.90983778,2.796939648,1.022965143,5.030927978
524,1.268534896,2.905105812,1.300069228,2.235638453
525,1.548602488,2.152526737,0.718993508,0.321457608
526,1.21653014,2.489249672,0.386571741,0.00129223
527,1.850460996,2.062346352,0.261679598,1.489212093
528,1.322333485,2.454503355,0.65093367,3.35649606
529,1.481850609,2.639457343,0.381751772,-0.152640968
530,1.368575119,2.673234883,-0.227199186,4.653224247
531,1.680614416,2.530142047,4.493841478,2.082380855
532,1.184873881,2.377726286,1.512042061,-1.122392538
533,1.737928597,2.051742026,1.235369035,2.304154779
534,1.843303862,2.55860499,0.971699794,3.431835752
535,1.335774654,2.567189286,1.677625495,-0.442136259
536,1.32630237,2.418963784,1.208169946,0.430323624
537,1.063052584,2.989563013,1.335520167,-1.655799437
538,1.956206847,2.200048342,-0.804784073,1.490453068
539,1.004212763,2.563326578,1.979244392,-1.690667783
540,1.577795539,2.273185551,2.081233243,4.769972106
541,1.287237142,2.201829476,0.757288919,2.864448272
542,1.805419531,2.212468109,0.920258177,0.640944201
543,1.868253852,2.131292099,4.028333976,-2.371084984
544,1.037198324,2.497280664,0.992614902,2.103617464
545,1.969376949,2.54446969,2.209634559,0.265633826
546,1.654114304,2.188666621,0.96229385,5.466176421
547,1.529575025,2.918039685,0.999884786,1.521445016
548,1.066158185,2.543241445,1.17799682,0.024448193
549,1.49410082,2.142174459,0.821179568,3.479365682
550,1.770665013,2.648805384,1.371155512,2.271654669
551,1.901683954,2.951252307,-0.325951869,1.032189137
552,1.200655881,2.321196232,0.29579286,1.87738854
553,1.919928078,2.268738509,-0.747572498,2.05670937
554,1.800252583,2.67257232,-0.871872905,-0.274648555
555,1.165964393,2.172604937,2.111616449,-0.034856475
556,1.104759927,2.866663962,-0.356872549,5.245329122
557,1.048105434,2.728910749,1.491990584,3.443965274
558,1.630639596,2.797763628,3.571828593,1.965175261
559,1.92497537,2.590430399,0.200454905,-2.450753195
560,1.287178127,2.158945586,3.005590665,2.476794625
561,1.197493463,2.821596257,0.6783837,0.35171618
562,1.230152565,2.149275754,1.857705676,-2.903644022
563,1.334652667,2.013196867,2.234021571,2.500248494
564,1.364936751,2.859432118,1.918491094,4.577194447
565,1.844646943,2.021299685,-0.560383672,2.208242199
566,1.845147784,2.187240868,0.288677866,4.213298523
567,1.942962302,2.973423286,0.824963729,3.457777611
568,1.801082694,2.482242692,1.462086323,3.381867598
569,1.765232739,2.477540892,0.168473143,8.041451221
570,1.078418984,2.112345913,0.909259707,-1.129873911
571,1.123123477,2.754773027,1.13185053,-0.80574017
572,1.133072474,2.019739513,0.106686064,5.471361492
573,1.573575394,2.884184472,1.004689096,1.374622058
574,1.240470011,2.494181158,0.556810147,3.1614784
575,1.746750901,2.55791523,0.690389858,3.091101635
576,1.531358819,2.312401874,0.533136741,1.665699972
577,1.317836926,2.996679766,-0.284471256,-0.013788686
578,1.511035599,2.138012741,0.451171272,-0.664375685
579,1.519092596,2.507792096,0.766750183,2.001421547
580,1.09541441,2.114671114,0.951242595,1.229589081
581,1.778095199,2.094120294,-0.113411054,2.471688381
582,1.345680135,2.069895159,2.114561384,3.54060013
583,1.246396553,2.491790484,1.211084596,1.449323552
584,1.195698578,2.682426894,1.575108302,0.249535912
585,1.685634532,2.851776377,-0.479307679,4.765448811
586,1.460140294,2.983620175,2.785391737,2.814836158
587,1.261447934,2.918705036,2.555920826,2.474634687
588,1.660237646,2.272971529,0.298761656,4.296842455
589,1.515034591,2.06212057,1.234395669,3.245140188
590,1.99940101,2.935803397,2.448082385,2.933391675
591,1.768263068,2.711472247,1.833057711,3.269840534
592,1.081390023,2.010833398,-1.254898754,-0.697409692
593,1.041082849,2.647300739,1.951491346,0.787795169
594,1.090062378,2.011760045,1.22810561,4.577356742
595,1.409031396,2.436606347,1.449403681,-0.141253328
596,1.583158809,2.663336847,-0.320575183,2.073375487
597,1.568441736,2.20914371,0.81001487,1.666423326
598,1.58205513,2.475380394,0.6096704,0.18286091
599,1.121261155,2.937853372,-0.119661918,3.031093274
600,1.825290444,2.761498431,0.315411521,2.473600952
601,1.031925788,2.441728848,2.390979378,1.408536912
602,1.033521278,2.109041358,0.062705449,1.67379781
603,1.536562063,2.753770448,0.874908704,3.324175427
604,1.116938776,2.271309595,1.421690487,5.442723348
605,1.787395527,2.746265153,0.505229399,1.623180479
606,1.334092689,2.75603982,3.126287119,0.08187348
607,1.740582641,2.535060087,1.669225028,2.616161021
608,1.569503938,2.59534756,-0.100372778,1.216236464
609,1.024869371,2.204366939,0.000255117,0.859769122
610,1.837387728,2.461922615,-0.292887904,0.194662957
611,1.666192537,2.440136941,0.714886975,4.837308905
612,1.542919493,2.1300457,2.261455947,0.214150794
613,1.092254684,2.812640772,2.227748316,3.616208142
614,1.850776404,2.584462295,1.986858513,1.627056865
615,1.363942845,2.992487453,0.870924638,0.876776566
616,1.61175594,2.629301751,1.717788488,1.483608849
617,1.574379242,2.763952589,0.946861539,1.08833445
618,1.918726947,2.620821586,0.755991442,2.3124845
619,1.320621309,2.355458831,1.841849975,-4.183024034
620,1.526691403,2.600988725,-0.032637339,3.246523022
621,1.766200656,2.164667247,0.008683413,0.377680784
622,1.803718264,2.43705968,1.139375546,3.159302785
623,1.044574806,2.960528604,2.893644766,3.121293798
624,1.591159229,2.167681715,0.631092785,2.839327546
625,1.97574487,2.112229669,1.296865231,2.449843978
626,1.714079451,2.882647542,1.277359056,0.598347594
627,1.368167694,2.715410688,0.259410279,-0.273483016
628,1.125329048,2.534187569,0.403638654,2.776441304
629,1.696893611,2.479651957,1.872624871,3.557583147
630,1.033900521,2.694002394,-0.131633218,1.767729071
631,1.025848486,2.019354563,0.888754224,4.872097653
632,1.315371653,2.881234853,2.229546794,-0.17691881
633,1.234487443,2.642399046,0.106582383,0.993225533
634,1.014923402,2.159778327,1.952297643,0.018558515
635,1.125339741,2.958762282,1.071356608,4.309766788
636,1.682853367,2.749428435,0.37066501,3.449428732
637,1.528230025,2.805653254,1.373420651,0.016149983
638,1.066502059,2.275592473,0.399850129,1.978682121
639,1.951696286,2.397113387,0.208565818,-0.055035861
640,1.718849864,2.226571317,1.100224919,3.12337884
641,1.882256504,2.481497006,-0.73120487,4.178296972
642,1.437727638,2.940913041,1.428237062,5.311965402
643,1.513214893,2.900653445,2.184402159,6.331714592
644,1.207300517,2.744751599,1.006916975,-0.103012723
645,1.85081241,2.653237905,0.723305016,-0.443345402
646,1.505726409,2.641793548,-0.490208324,-0.351133268
647,1.653282125,2.765896647,0.858786623,2.131926723
648,1.359412101,2.992213667,1.189754396,-2.62419689
649,1.684020497,2.914278785,1.15619084,-1.264961794
650,1.35833838,2.037957562,1.598012163,0.599063288
651,1.243306226,2.739327224,1.354089882,0.242071969
652,1.511104273,2.198336482,0.823561471,0.45940977
653,1.174252141,2.397971964,-0.383434051,3.106618662
654,1.019934229,2.930991836,2.527224407,4.115884605
655,1.339613086,2.975668177,0.028068993,4.455223495
656,1.737645086,2.869098776,1.763832628,1.789438429
657,1.624595703,2.420429806,0.237507832,1.223459777
658,1.135521364,2.488559352,1.476678661,0.114832922
659,1.294159731,2.590631815,-0.156243851,3.05992102
660,1.534965427,2.768553922,-0.236732392,2.467273938
661,1.263949173,2.189803773,0.052086006,2.816284926
662,1.015870113,2.658850176,2.232736253,2.644688918
663,1.693173602,2.951643616,3.445289886,2.641618751
664,1.508581068,2.462335897,0.977477098,1.927822407
665,1.970932233,2.93452349,1.594544062,1.091813739
666,1.73119889,2.361908722,-0.860628749,0.293110984
667,1.844856448,2.151576839,-0.127235428,3.509804085
668,1.79469897,2.940871506,1.117208457,2.174893641
669,1.750594577,2.885005647,-0.386455275,0.973282028
670,1.274570787,2.379577804,1.899792696,-0.099616108
671,1.287073693,2.998997775,1.196799251,2.201070852
672,1.932784147,2.61052618,1.473355933,3.003433056
673,1.51636858,2.970934707,0.015737077,-1.839246545
674,1.042626232,2.932223643,-0.841523617,1.656046682
675,1.149787417,2.252088316,1.336153386,4.078501483
676,1.61456196,2.253388942,1.845387787,1.20060223
677,1.007432188,2.531613932,1.007871785,-0.47592913
678,1.992842885,2.113928235,1.85972833,2.68158794
679,1.207494545,2.790199525,1.338595944,0.630604801
680,1.976628468,2.104797413,-0.340727627,1.1225333
681,1.751792153,2.991012904,0.880657438,3.876264925
682,1.557614688,2.92284349,0.799333579,2.222077349
683,1.835947413,2.730528469,1.45209234,-1.085838185
684,1.635513651,2.755679913,1.014997766,7.217605117
685,1.380877248,2.73719696,0.982536742,-0.811390809
686,1.476354627,2.894161822,0.597491063,0.284214137
687,1.699911122,2.942495205,0.406407024,4.052530339
688,1.500817202,2.097072418,1.191050163,6.002446483
689,1.501764849,2.6528339,0.004242866,2.612624503
690,1.821326014,2.04720665,1.611398509,3.388626812
691,1.191738934,2.602111374,1.514032714,2.807644156
692,1.643009576,2.032971907,0.685281342,3.570997372
693,1.853166258,2.889567005,-0.862156954,4.780522234
694,1.93887326,2.792702621,1.397498665,-1.047082143
695,1.612727657,2.322138389,0.236118588,3.349382725
696,1.69070979,2.221130257,1.06670177,-0.615375223
697,1.294778906,2.563335062,1.015818186,1.836561127
698,1.252146505,2.791305413,2.532085702,-0.395030067
699,1.51130968,2.03652758,0.385349998,5.930608914
700,1.965387448,2.268735219,1.244685043,3.538298049
701,1.284005372,2.99747487,2.454141551,0.62541659
702,1.011417816,2.172425412,0.731050271,3.768527862
703,1.727329017,2.73771951,0.217021237,4.778980368
704,1.121211846,2.777845871,1.906491128,5.190468857
705,1.332745581,2.996610246,0.08300226,1.256545874
706,1.803656093,2.045851305,-0.099995874,0.990640698
707,1.236466593,2.231102272,1.183078959,1.215949206
708,1.005392141,2.367299717,-0.05605624,1.131003216
709,1.135784633,2.666810942,0.913195209,2.704619979
710,1.17075987,2.773160012,0.855368726,3.175769268
711,1.619603538,2.723114733,0.375615731,1.134173715
712,1.939459285,2.231317115,-0.150864252,1.421363384
713,1.889532753,2.935581383,0.97396296,1.177369893
714,1.017687163,2.974290483,-0.685483325,1.638303057
715,1.912970377,2.406802117,-0.789839339,5.135678421
716,1.152107744,2.023482946,0.822585583,6.648048741
717,1.819007582,2.963960058,0.022531963,6.390334185
718,1.458621045,2.370408691,2.469910071,2.489050613
719,1.186072344,2.852246951,-1.829998345,0.408630221
720,1.218740803,2.583403357,2.483191477,1.463448886
721,1.427833258,2.077901713,2.703359035,-0.432957242
722,1.016505627,2.183698845,2.299453802,2.729702481
723,1.553170443,2.303612453,2.993631506,1.644576979
724,1.431480756,2.515064734,1.43927666,4.981258209
725,1.24335523,2.740682656,1.02749023,-0.883475763
726,1.186213909,2.79384736,-0.254901708,0.543900006
727,1.588659457,2.921427738,-0.86082465,-1.676357384
728,1.473542402,2.57667576,0.185598751,1.895838805
729,1.260010463,2.798468445,0.101898963,1.372534056
730,1.050313572,2.139617156,0.279823093,1.911235749
731,1.557793408,2.545948697,0.388905321,-0.578706865
732,1.943071042,2.540580343,0.375193066,4.706267545
733,1.179230838,2.358484661,0.95224884,0.216412887
734,1.229742077,2.696152284,2.016914548,1.975101542
735,1.07647132,2.190473258,1.667875204,2.269517956
736,1.597271721,2.468648956,-0.358560612,0.506347988
737,1.723147821,2.74121417,0.104691283,5.006943827
738,1.006712096,2.703788901,-0.376195126,1.005827251
739,1.675270948,2.588616188,0.225397078,4.499586543
740,1.22522708,2.663549036,1.463499592,2.587062478
741,1.702509221,2.407165814,-0.416890875,3.630256237
742,1.865042168,2.014967748,-0.234780364,1.286868331
743,1.102551035,2.604809978,-0.550431275,-0.822403009
744,1.894469402,2.733623868,2.024955542,0.206773076
745,1.603262801,2.906363334,0.222127824,5.585870246
746,1.750328586,2.943929881,2.012413837,2.762925238
747,1.356101148,2.249530024,2.192824611,-0.381645369
748,1.116197555,2.100097287,0.085173095,5.071540428
749,1.89673447,2.319422786,1.017959722,4.550553246
750,1.698941109,2.3802987,1.42345663,-5.316542898
751,1.835556919,2.787502084,1.417191648,-0.576005435
752,1.217315532,2.445121347,-0.122139249,1.369633284
753,1.595274907,2.01134898,0.255011675,1.693235396
754,1.009406376,2.409742249,0.977647498,0.724590158
755,1.286612506,2.349628542,0.061172286,4.304039838
756,1.400252437,2.226852186,0.467284359,6.061586647
757,1.923203278,2.069572769,1.158434161,5.815835147
758,1.187307237,2.374481675,1.286152732,4.637706808
759,1.796472983,2.322957837,1.291951124,0.702137495
760,1.939215862,2.088497183,1.178503014,4.673681401
761,1.286372285,2.304974901,0.928263625,-1.813612485
762,1.491487628,2.195311626,0.789671903,-0.273526835
763,1.563416765,2.511073778,1.691776272,-0.014624411
764,1.053694423,2.313021733,1.302767394,1.614820011
765,1.367287681,2.933669442,0.516622583,-0.142514699
766,1.794718056,2.580262552,1.46217319,4.788810978
767,1.997450919,2.458869546,2.227130812,-0.614754947
768,1.970236251,2.658734427,0.478638039,1.821493957
769,1.756900015,2.113590869,0.561055263,0.92154472
770,1.380764958,2.696265397,0.322584684,5.293539631
771,1.093478829,2.190801616,0.947209856,0.919863749
772,1.067023202,2.543248008,2.581801462,4.767231754
773,1.683983519,2.557957212,1.773222719,1.660622884
774,1.391369374,2.259292559,1.355827336,2.133430589
775,1.027036872,2.263187393,1.768436465,1.760716193
776,1.688706779,2.534735011,2.167011942,4.48558989
777,1.46509771,2.759134807,2.898113166,2.334013585
778,1.802912407,2.870952329,3.907459462,3.067635583
779,1.384216789,2.274269115,1.365080405,4.896259953
780,1.429541519,2.777341443,1.41854465,3.021699544
781,1.452897059,2.842945498,1.579747931,4.155056807
782,1.073588605,2.693777078,0.712151905,4.033586803
783,1.707284211,2.271424494,0.364803766,1.025971947
784,1.228706831,2.745817157,0.979660757,1.280319226
785,1.539540654,2.572274924,2.350614216,1.439585542
786,1.774676877,2.282653677,2.858703709,1.049639202
787,1.480667678,2.223892219,1.779084117,3.077682091
788,1.794864256,2.834129006,1.295835764,3.797523002
789,1.691703033,2.366561533,1.269533279,0.237043495
790,1.566431574,2.081129042,0.190410825,1.802960158
791,1.232402696,2.643327999,1.054733618,1.183710833
792,1.444379009,2.271570564,0.419579515,-1.856729351
793,1.939639664,2.677122307,-0.767241138,0.385535902
794,1.878049872,2.120371563,1.754274611,0.670452892
795,1.08466977,2.62814366,0.686370567,2.286710261
796,1.110180338,2.931758594,0.109932955,4.120151606
797,1.985287813,2.140633769,1.37505658,2.38248862
798,1.831927313,2.289739494,0.439132358,0.65221008
799,1.46899973,2.541142361,2.567788939,0.582452523
800,1.444773033,2.622589437,0.411525202,-0.642598549
801,1.357647444,2.132836843,0.228814546,5.349852389
802,1.047996169,2.798942657,-0.757960501,1.537812592
803,1.641740099,2.991224877,1.426463388,-1.495539406
804,1.933479929,2.971809414,0.532296444,3.652356966
805,1.471206382,2.543906132,1.079062146,3.081464688
806,1.675176459,2.387527643,0.955519044,1.677886249
807,1.854594456,2.42830495,0.967148978,1.475512091
808,1.851400698,2.497933005,1.071629504,1.680300367
809,1.725800183,2.869872164,0.246150272,1.689753224
810,1.079960481,2.653708774,0.886882762,3.498537052
811,1.153263907,2.03924587,1.699276077,3.707350173
812,1.977371733,2.629401315,-0.073209208,-0.209122835
813,1.951471762,2.62778574,0.098686481,2.919614406
814,1.849666386,2.796992053,0.669595293,0.143625673
815,1.987596437,2.566659455,1.36533747,0.31002416
816,1.011581637,2.82805261,2.484692593,2.491030642
817,1.116021112,2.984800988,1.029788272,2.534707522
818,1.477250867,2.917542178,0.977507646,3.26977334
819,1.686645661,2.451448733,0.725447814,0.573974015
820,1.088232714,2.986959826,0.205698111,-0.848401544
821,1.929098732,2.983114503,0.351592263,1.343754955
822,1.762325813,2.287570686,0.750542119,5.753536328
823,1.912142614,2.395788544,-0.195613455,0.900783175
824,1.077120544,2.925270123,2.198613317,2.690588023
825,1.600832218,2.669830987,2.711202993,4.887899394
826,1.654156783,2.145236958,0.238788932,3.404932831
827,1.710508673,2.718605233,0.46162658,3.817549374
828,1.862606223,2.16519479,0.332860323,0.850010616
829,1.797529809,2.421998086,1.059121507,3.255545263
830,1.17275625,2.791261684,-0.243482157,0.599232613
831,1.585443909,2.054975568,2.050308729,3.818948917
832,1.022145653,2.449336127,0.21941372,3.378169686
833,1.019524882,2.956164461,0.680987149,-0.47652011
834,1.154222247,2.091923895,0.688129159,3.208981244
835,1.164292451,2.153984178,1.804586345,2.216071073
836,1.737791915,2.086466603,-0.261860663,3.117372444
837,1.334411932,2.075904394,1.395458888,2.20712948
838,1.910950432,2.131896215,1.689713808,2.552937066
839,1.263625752,2.016077984,-0.056506794,-0.129127289
840,1.214663123,2.802876702,0.926885798,1.174973676
841,1.303999586,2.316286817,1.76854758,1.151101269
842,1.238217557,2.325459454,2.085779047,1.378112932
843,1.820600078,2.335496894,1.301346118,5.230623403
844,1.850564446,2.824029482,-0.988344999,6.149946372
845,1.2365841,2.593414889,-1.2287466,2.731539803
846,1.690544358,2.957247109,1.694169717,3.458702694
847,1.357471774,2.562422549,1.054594566,-2.54495175
848,1.384172738,2.331658836,1.431254806,1.485950858
849,1.123261962,2.066957579,2.911823983,-1.049196487
850,1.310748191,2.68480797,0.279955822,1.190871857
851,1.940503156,2.034101187,0.975630036,4.068095905
852,1.417997743,2.10893949,0.556104539,2.125442909
853,1.103315879,2.316361724,0.12254099,2.215233994
854,1.903311808,2.588957496,0.980636426,2.154346807
855,1.174358817,2.859378309,2.063537827,-0.733303702
856,1.878113073,2.400279719,0.253750619,2.30577692
857,1.227812756,2.772701672,0.498783903,-1.301061722
858,1.301072842,2.176926984,0.75892095,2.831426937
859,1.298922325,2.960682929,0.218365894,-1.081097354
860,1.767692752,2.95964497,1.990091381,2.225070269
861,1.446869481,2.165142229,0.634955344,5.123707883
862,1.366160036,2.188699009,0.164541914,1.52368243
863,1.353982057,2.176325394,0.714775319,3.224357954
864,1.042953934,2.996309544,0.856132583,3.051436592
865,1.851975791,2.92726498,-0.443591412,3.625490896
866,1.513381357,2.233941461,1.199655905,3.536085578
867,1.232270015,2.942402907,-0.638825951,3.545363124
868,1.611872972,2.404133883,1.2923101,1.168384108
869,1.050611944,2.23295967,1.120195386,4.947918211
870,1.258950001,2.557130791,2.734352542,-0.031731342
871,1.47672951,2.102600083,-0.768503305,2.755410618
872,1.317695111,2.824588717,-0.151757132,4.188435374
873,1.26167818,2.64385802,-0.215555542,2.510605024
874,1.752669607,2.041403778,2.29986072,0.789019657
875,1.771887349,2.829669297,1.859830449,1.393443201
876,1.006239893,2.797771284,0.161776026,2.627180151
877,1.94083147,2.9624552,1.355405587,6.604646779
878,1.900691166,2.421022671,-0.53634747,2.441629092
879,1.408385912,2.180271008,2.284601828,1.919261212
880,1.653770779,2.899498703,1.068444385,0.564011865
881,1.332609565,2.093292228,0.581166409,0.709446566
882,1.939715843,2.328965171,0.059052243,2.797610855
883,1.598197098,2.225950448,-0.291188998,1.675294089
884,1.445540183,2.155458462,1.569848756,0.336243519
885,1.033282825,2.395517378,2.984360705,1.61838479
886,1.918278004,2.386582424,1.622453757,2.819511687
887,1.151155071,2.066691004,1.561968863,1.446328205
888,1.074869301,2.781416259,0.06844277,2.532349043
889,1.719462562,2.49558368,1.154746682,0.363718876
890,1.281745694,2.960581488,-0.405835261,3.303040233
891,1.532257159,2.140290656,0.624318118,5.93765589
892,1.398843675,2.129181776,1.071792061,0.124832024
893,1.329514284,2.262444086,1.246200172,3.821800106
894,1.854471644,2.247418973,2.753067662,1.042921008
895,1.721605983,2.510744737,2.451020558,2.983964371
896,1.218706241,2.477137062,1.377835655,0.627212759
897,1.816837408,2.188520824,-0.470835857,3.123675376
898,1.999098563,2.434123329,-0.295849769,2.293334037
899,1.02829235,2.196940621,2.931097932,4.403653305
900,1.846814424,2.569565922,1.088479943,1.159757352
901,1.035344733,2.9862451,1.393812605,-3.047557526
902,1.530152909,2.654367953,1.456983739,4.281855861
903,1.829124021,2.397307814,0.460342328,1.905642194
904,1.785294273,2.439528174,1.215949406,1.584460591
905,1.722388038,2.941875879,1.123344107,2.413523058
906,1.617540751,2.767443262,1.286472915,5.44519768
907,1.309358285,2.223519411,3.142632594,-0.106839507
908,1.599682536,2.996668031,0.232528601,0.540026485
909,1.537469552,2.18214271,0.512438542,2.180803228
910,1.563578482,2.868994588,1.693888206,2.348995145
911,1.466674203,2.398448673,2.53713435,6.739127635
912,1.225636933,2.177306685,0.52908652,1.063616159
913,1.794511019,2.540838844,0.305255308,0.999679439
914,1.979114656,2.728473743,-0.0398559,2.793283049
915,1.995638181,2.795854606,1.232677627,1.60424629
916,1.419504528,2.657249731,0.551653284,3.385471897
917,1.892531182,2.830700291,1.539027884,4.125900999
918,1.022409074,2.66999151,0.791098317,7.510568939
919,1.921694982,2.20601054,2.039375417,7.312207127
920,1.65536417,2.09262333,2.296040586,3.06551128
921,1.251756301,2.80973865,0.748277845,6.502648326
922,1.173058619,2.68137636,1.238733245,-0.963787125
923,1.683132004,2.131096529,0.394513439,-0.991910995
924,1.156938708,2.132419818,0.325501032,5.051332044
925,1.142033737,2.016438394,-1.436501178,2.329217917
926,1.09020831,2.728294489,1.486681741,0.994493923
927,1.341227889,2.711314495,1.700255385,2.2031507
928,1.436028961,2.51531024,-0.436889499,2.810439668
929,1.653422635,2.404141789,0.544649002,4.208025718
930,1.378905553,2.919627642,2.291123834,2.957200155
931,1.317937953,2.690160423,0.881627891,5.591638137
932,1.196039576,2.428221971,0.708069635,2.824564274
933,1.712245269,2.718103268,1.988583857,4.399696104
934,1.466035261,2.877219541,1.128032341,4.103868944
935,1.876987966,2.18808305,0.137747774,4.491172103
936,1.714061088,2.643766185,-1.576021796,0.852253252
937,1.480932274,2.899321464,3.238934635,3.06384946
938,1.439024019,2.181825167,0.334808765,1.740634073
939,1.845997399,2.297741796,1.180394952,0.409205431
940,1.9889448,2.439003539,0.781558776,3.034645837
941,1.808034542,2.617338613,1.729542438,1.401314308
942,1.336282458,2.848251391,-0.133192535,1.193307355
943,1.587290747,2.949844389,0.747765612,-0.426444912
944,1.281203571,2.034924981,-0.871441999,0.399784149
945,1.939031531,2.261352811,0.937792575,3.51749595
946,1.543841932,2.765900811,2.575930632,3.961376683
947,1.246668702,2.261116332,1.02606859,-1.177350017
948,1.363508178,2.764416863,1.008817769,3.772917947
949,1.327385945,2.442565957,0.545021363,3.332395716
950,1.984270186,2.008024418,1.441369941,-0.572268601
951,1.897096294,2.859894775,1.573358738,0.586924689
952,1.848919479,2.345972548,2.746017967,-0.566595477
953,1.589766892,2.595123946,-0.167717014,2.473791792
954,1.79897792,2.505854237,2.140400716,-0.690479338
955,1.496857754,2.328415343,1.116691609,2.755428067
956,1.673133152,2.39625952,1.235216733,4.308604904
957,1.376225234,2.88367253,0.061079002,4.486779435
958,1.840388597,2.837780756,0.172753173,2.338011775
959,1.460633965,2.994775277,1.814143485,0.795304299
960,1.432963972,2.822151575,1.176926257,2.230859609
961,1.729248114,2.075443582,0.492531128,1.927807378
962,1.344439512,2.001102916,0.79121467,-0.201469021
963,1.551224604,2.749448005,0.533589115,2.413601985
964,1.245734229,2.992348388,0.87887573,3.676933626
965,1.431196646,2.190960106,1.928285033,1.632666438
966,1.316748815,2.585958025,1.203899878,3.541542597
967,1.18206921,2.152438055,1.64458914,1.602894705
968,1.407529999,2.572264157,1.652434206,5.652582953
969,1.077480136,2.819338461,0.640341221,0.476167198
970,1.259334184,2.603627928,2.130141617,3.819549171
971,1.966108177,2.364495786,2.392255088,0.951259001
972,1.412038893,2.814373654,1.135522316,1.711053186
973,1.31886769,2.366393005,-1.700614595,1.407411321
974,1.375918222,2.002159196,3.190261309,2.943403268
975,1.655578257,2.748308284,1.426829914,0.341033713
976,1.253709576,2.910816308,0.465182791,1.761211342
977,1.84364338,2.881798293,2.86033113,-1.352804324
978,1.489225424,2.756043899,1.702339681,3.585949282
979,1.537517902,2.48193555,2.525906249,1.201278805
980,1.686690256,2.996182992,0.648072026,3.305017144
981,1.279074071,2.779895202,1.275748476,0.301276496
982,1.517736189,2.701116426,2.473777462,3.778629241
983,1.927800262,2.991194829,-0.339236391,1.747492923
984,1.691504315,2.805091803,0.15890261,0.321020554
985,1.178954559,2.265651147,0.654097721,2.534417839
986,1.32634803,2.055938083,-0.413132534,2.965462626
987,1.549807499,2.193131417,1.719187321,0.028480738
988,1.82974167,2.923038358,0.584217496,1.897768018
989,1.6144933,2.960879312,-0.52887985,-0.656962531
990,1.509653507,2.413499672,1.673281717,4.428200065
991,1.467012133,2.631409708,1.545241091,3.355900926
992,1.671069819,2.611927102,1.062568195,3.661668617
993,1.950511655,2.534681326,-0.338577866,2.861774275
994,1.891051298,2.935398531,0.9783587,2.135258697
995,1.790920637,2.061158096,0.800385082,-1.296669402
996,1.267559462,2.739846908,0.716449548,2.801941233
997,1.756235715,2.418686914,1.813047113,-1.370624802
998,1.725588188,2.786908511,-0.765323941,0.823651699
999,1.599102206,2.662607576,1.392217169,2.926479243
1000,1.644660664,2.490520055,0.851386831,1.149963979
